country_iso3,foreign_direct_investment_inflows,gdp_per_capita,continent,net_barter_of_trade,inflation_rate,population,langoff_1,gdp_growth,agriculture_forestry_fishing_of_gdp,industry_of_gdp,area,gdp_us_dollar,merchandise_of_gdp,landlocked
AFG,52173421.0,591.162798293135,Asia,144.7518695,11.8041858089129,30117411,Persian,0.4263547929,23.7436639877543,22.7402524820273,652225,17804292964.0,38.7041485662647,1
AGO,-3023770965.83688,4615.46821863819,Africa,244.3291519,13.4824679218512,24220660,Portuguese,3.471976345,5.84568096888111,56.026514743024,1246700,111789686464.0,78.3059714796182,0
ALB,1048706682.05458,4437.14288515077,Europe,94.33720177,3.42912324722164,2905195,Albanian,2.545321845,18.2267654155688,24.484407516121,28748,12890765324.0,56.8624113125754,0
ARE,7152095825.6,39194.672239975,Asia,176.1497815,0.877346595685083,8946778,Arabic,6.930271629,0.671910149003627,58.0355992952437,83657,350666031314.0,151.702461172787,0
ARG,10839930944.6815,12848.8641969705,America,160.564925,9.8,41261490,Spanish,6.003951693,6.99873377022519,25.2126976058843,2766889,530163281575.0,29.8719291780486,0
ARM,653219756.47225,3525.80719813557,Asia,128.2433543,7.6500080785929,2876536,Armenian,4.699999999,17.5,27.5,29800,10142111334.0,54.0222821392664,1
ATG,65160596.2962963,12746.6334682021,America,68.37541426,3.45674967234602,89250,English,-1.958612628,1.93318183889934,14.5307687799923,442,1137637037.0,42.7201281408508,0
AUS,65554890649.5348,62517.8337471503,Pacific,200.2885825,3.30385015608744,22340024,English,2.462756312,2.27654236627696,26.4361276332007,7686848,1396649906339.0,36.9050252078536,0
AUT,22983942931.9264,51374.9584066934,Europe,88.72963314,3.28657914875376,8391643,German,2.922797284,1.40191493427276,25.4474320432043,83858,431120310089.0,85.5550043383505,1
AZE,4485120000.0,7189.69122920765,Asia,199.3036857,7.85833333333332,9173082,Azeri,-1.572997621,5.07622595138436,61.7339963903076,86600,65951627200.0,67.7178136400292,1
BDI,3354999.1805922,249.577972769836,Africa,164.5119637,9.59216605979671,8958406,French,4.032602496,36.7045760044036,14.8096813161324,27834,2235820868.0,39.1355155379094,1
BEL,163624381384.585,47348.5250202016,Europe,94.86824368,3.53208210722744,11038264,Dutch,1.694513899,0.648034219951815,20.7778964049581,33114,522645519184.0,180.354554932841,0
BEN,161302390.821902,1130.27318959427,Africa,137.2188236,2.70423907747279,9460829,French,2.963752919,25.7970008253273,18.1374491115974,112622,10693321954.0,33.0954235595754,0
BFA,143845512.327138,751.172770411005,Africa,139.8371615,2.7597672485453,16081915,French,6.622562613,23.043650452489,28.3722709055706,274200,12080296644.0,39.7755133137476,1
BGD,1264725163.33408,861.762162181077,Asia,57.47437649,11.3951651552399,149273134,Bengali,6.464379123,16.8099867573503,25.0452996007551,143998,128637938711.0,47.1501647240183,0
BGR,2103810000.0,7809.42506245471,Europe,106.992395,4.21990346601875,7348328,Bulgarian,2.354556923,4.64163500145713,25.0746261038118,110994,57386216850.0,105.931360066023,0
BHR,780851063.829787,22514.202716483,Asia,138.7356468,-0.400040697488052,1278153,Arabic,1.983515012,0.290850277264325,49.5171903881701,678,28776595745.0,112.521996303142,0
BHS,666621000.0,28005.9124040903,America,86.37412316,3.19878141660321,359583,English,0.6133841584,1.09230471329484,12.0451419747876,13939,10070450000.0,37.7341628229126,0
BIH,471610992.220788,5092.55472521264,Europe,101.9771048,3.67124999999999,3661173,Serbo-Croatian,0.9595112472,6.75774577677582,22.1932593254568,51233,18644723861.0,90.6476283908872,0
BLR,4002400000.0,6519.23019498892,Europe,110.2279572,53.2286983118173,9473172,Belarussian,5.37870745,8.00175755504565,36.0887890771209,207595,61757788945.0,141.161141759833,0
BOL,858941070.400943,2346.3378439235,America,181.1220112,9.88446419823887,10212951,Spanish,5.204092308,9.7695858816954,30.3691066361261,1098581,23963033431.0,67.958841888504,1
BRA,102427228231.42,13245.6120301146,America,134.179349,6.63644962213085,197514541,Portuguese,3.974425406,4.34203511988559,23.102056242361,8511920,2616200980392.0,18.8442708987175,0
BRN,691170274.5029,47055.960643203,Asia,226.0161692,0.137911563169595,393687,Malay,3.745318352,0.575033257520491,73.672917650088,5765,18525319978.0,86.8756924001202,0
BTN,31141614.8601365,2563.261223801,Asia,134.9239256,8.84898569946799,693297,Burmese,7.982617041,14.2955525913407,41.9767059830459,46620,1777101317.0,96.674285471351,1
BWA,293208060.474684,7617.31004132551,Africa,82.76717855,8.45987233408587,2015406,English,6.048361455,2.51091768009965,35.0464653041146,600372,15351972361.0,85.6828014704467,1
CAF,36908455.8896,551.749691833885,Africa,76.73652007,1.19447572449849,4418639,French,4.194615337,37.5690227836114,26.6383554299084,622984,2437982840.0,20.5087590921589,1
CAN,38338330427.428,52223.696112356,America,117.8183923,2.91213508872355,34339328,English,3.146881372,1.76566446625627,27.1393405983891,9976139,1788647906048.0,51.0211014884086,0
CHE,20764483834.5029,91254.0347609687,Europe,103.6055837,0.231349207650894,7912398,German,1.692808513,0.670935894205478,25.2795684493631,41288,699579638413.0,61.3594923573866,1
CHL,25564944876.5765,14637.2334407887,America,217.8286291,3.34121694259299,17233584,Spanish,6.110918829,3.67120659392567,34.701322001914,756945,252251992029.0,61.8956459942552,0
CHN,280072219149.935,5618.13226711491,Asia,79.04874299,5.55389892257492,1344130000,Chinese,9.550832179,9.17765379535199,46.5292894700168,9572378,7551500124203.0,48.2270401920596,0
CIV,301972462.517861,1208.58319891729,Africa,160.5544104,4.91243395052462,21028652,French,-4.387254789,26.6908494054447,24.2013665756443,322463,25414875503.0,76.1561865516736,0
CMR,653266626.571786,1405.0941234837,Africa,162.0134115,2.93969946305094,20906392,French,4.129277161,13.4796522667294,27.1917734843232,475442,29375448542.0,38.5253691825243,0
COG,298288001.186385,3557.5561698838,Africa,211.3521221,1.75958704273802,4394842,French,2.205919363,3.98393619152519,65.8738951997526,342000,15655384440.0,133.272381880612,0
COL,14647048638.4496,7335.16693447605,America,183.9168246,3.41758959146978,45662747,Spanish,6.947891982,6.09169610822214,33.3021551703247,1141748,334943871932.0,33.1840673361087,0
COM,23118440.5401981,1447.9452695898,Africa,97.90297633,1.84266300756184,706578,Arabic,4.099846955,30.5642208431509,11.6973085985464,1862,1023086184.0,29.6162706984114,0
CRI,2733268839.98155,9229.83451670274,America,99.8176767,4.87814554580439,4633086,Spanish,4.30710166,5.59987212230861,22.5898706745828,51076,42262697840.0,62.2693413482054,0
CYP,40445860585.079,32396.3857437121,Europe,96.55800006,3.28944939564212,1124837,Greek,0.4014379411,2.1512815738882,12.7616461579395,9251,27565469098.0,38.0766239191744,0
CZE,4188736491.29368,21871.2660754128,Europe,102.7946126,1.91721913635547,10496088,Czech,1.760359624,1.98251099186352,33.6505738219241,78864,229562733399.0,137.245272930456,1
DEU,97535403952.55,46644.776027968,Europe,93.15072087,2.07517452479837,80274983,German,3.925192705,0.910022423855418,27.0689719182049,357325,3744408602684.0,72.8781041162014,0
DMA,14192972.5925926,7065.46037237599,America,106.6591703,1.13123136526474,70912,English,-0.2235506882,12.5010164329487,12.8381025599326,751,501025925.9,50.8955698307916,0
DNK,13558894634.3461,61753.647131977,Europe,100.0856174,2.75868226051246,5570572,Danish,1.336777767,1.31213398990708,20.2546986056117,43094,344003137611.0,60.3270660381327,0
DOM,2197500000.0,5913.42664885493,America,100.2990038,5.79671466946105,9813219,Spanish,3.133423005,5.63686024937601,28.3955428840411,48734,58029750744.0,44.6340018131851,0
DZA,2571237024.68517,5455.67902952706,Africa,262.5470485,4.52421150505276,36661438,Arabic,2.9,8.11059043573339,49.6247703075793,2381741,200254371997.0,60.3640647190591,0
ECU,646084358.687904,5200.55510783504,America,167.2646926,4.47453265795836,15243885,Spanish,7.868140919,9.60111666656407,37.6346398733428,275716,79276664000.0,58.983309388498,0
EGY,-482700000.0,2791.81076592794,Africa,148.8186622,10.0649259874818,84529251,Arabic,1.764571949,13.8691050980964,35.9517175990081,1001449,235989672978.0,37.8961498067245,0
ESP,26832032514.651,31636.4463142558,Europe,90.06163588,3.19614641224106,46742697,Spanish,-0.8143734552,2.37327299407857,22.0811402539851,505954,1478772824224.0,46.1975625200227,0
EST,1119148299.05952,17624.0445588254,Europe,96.53669807,4.9819013145361,1327439,Estonian,7.443936104,3.64664306166828,25.4901539015155,45227,23391530006.0,146.04927425752,0
ETH,628624805.998665,354.4795719088,Africa,145.3578014,32.0147888188887,90139928,Amharic,11.17829623,41.2499638574537,9.6646421928884,1127127,31952763089.0,36.8387546550886,1
FIN,-6008001205.17497,51081.9976703127,Europe,88.13399445,3.42,5388272,Swedish,2.547664838,2.32123556803604,25.0310609198073,336593,275243697751.0,59.3677534981451,0
FJI,217158525.728722,4371.44738457557,Pacific,113.4650597,7.28,863451,English,2.705143029,9.21771557173261,17.4133402875203,18333,3774530616.0,86.129914710793,0
FRA,44205811126.5792,43790.7260166781,Europe,89.9334023,2.11159795174997,65342789,French,2.192700633,1.6502871934041,17.978166208294,547026,2861408170265.0,46.0088502465644,0
GAB,1123536918.98497,10809.6849503904,Africa,226.3663882,1.2633170783742,1684629,French,7.091753343,3.43228977977158,60.8812104603294,267667,18210308748.0,73.7549274185716,0
GBR,27012050072.3452,42047.6142522206,Europe,101.0184871,3.85611244682819,63258810,English,1.540147403,0.696988990694164,18.7163018080994,244110,2659310054646.0,44.7884147366718,0
GEO,1170087549.5,4021.74330617286,Asia,140.9235456,8.54293333333334,3756441,Georgian,7.399999867,9.13194158257682,17.9546052192616,69700,15107441447.0,61.2545812776947,0
GHA,3247588000.0,1549.46271883345,Africa,190.2175968,8.72683683123394,25387713,English,14.04712363,23.663704967184,23.8636600934779,238538,39337314810.0,72.7629736251465,0
GIN,956060000.0,651.136113367479,Africa,114.8774737,21.3504664236733,10420459,French,5.612104279,16.069749632643,32.6143980733776,245857,6785137173.0,52.1581201660178,0
GMB,36077136.0813735,762.763117720034,Africa,98.176995,4.79588266183113,1848142,English,-8.130444223,27.202420609824,11.5126603208193,11295,1409694554.0,31.4252473183982,0
GNB,25024047.388377,703.66056725746,Africa,80.92461737,5.04610226320203,1562996,Portuguese,8.084779734,45.0224585558608,12.4017920538388,36125,1099818652.0,43.8254069552064,0
GNQ,1975000000.0,21641.6938980227,Africa,228.8670846,4.80538922155687,986861,Spanish,6.52392363,1.05350238776435,78.0648736926197,28051,21357344847.0,95.854617057799,0
GRC,1092191387.83039,25450.5341194438,Europe,89.8408118,3.3298640617472,11104899,Greek,-9.132494172,3.11375165365917,14.377117800521,131621,287797821676.0,35.5537488915781,0
GRD,42648183.7037037,7291.74166956273,America,96.99615811,3.03347280334727,106786,English,0.764976824,4.44779251616389,13.3429542169294,345,778655925.9,47.1324994494312,0
GTM,876760590.0,3228.0457411296,America,258.2402996,6.21412393067094,14521515,Spanish,4.162048937,11.2587427520036,27.9436212267543,108889,47654783852.0,57.628496306513,0
GUY,246800000.0,4908.56701446734,America,127.8636111,4.97773563706971,752029,English,5.19629812,25.683716722514,26.4536862005812,214970,3691384743.0,78.5613042705898,0
HND,1042571020.7703,2088.3155465311,America,213.8256444,6.76227957314765,8480670,Spanish,3.835690662,14.2196558016976,25.8142160143128,112088,17710315006.0,107.863694087476,0
HRV,1248979435.63125,14609.5243524166,Europe,100.8375595,2.27272727272727,4280622,Serbo-Croatian,-0.1983692635,3.68296629648846,22.4199780007417,56538,62537851352.0,57.5667363387379,0
HTI,119000000.0,1287.95405805707,America,273.8508193,6.33279483849046,10100320,French,6.154225158,20.0431184952698,24.5925797826128,27750,13008748132.0,29.1111793515244,0
HUN,10740966550.9834,14216.1656114334,Europe,97.81680877,3.92992098935075,9971727,Hungarian,1.937107794,4.00038229565524,25.1366480663597,93032,141759722464.0,151.490138572,1
IDN,20564938226.7185,3643.04717619274,Asia,134.2163952,5.36,245115988,Indonesian,6.169784208,13.5122870743946,43.9134234267133,1933658,892969107923.0,42.6591465057498,0
IND,36498654597.8589,1458.10406619626,Asia,89.99256996,8.85836096636667,1250287939,English,5.241344743,17.1919735574898,30.1616797630696,3287590,1823050405350.0,42.0924840461063,0
IRL,23699352432.596,51886.5084852792,Europe,95.71018889,2.5571888318692,4580084,English,0.3434411125,1.21045539236455,24.6723848164374,70285,237472361734.0,80.938521827632,0
IRN,4276718690.0,7781.40580096573,Asia,184.2908369,26.2933856738609,74634959,Persian,2.645717918,5.44726700369876,47.9220542846223,1648100,580764902917.0,33.3628976246081,0
IRQ,2082000000.0,6045.4945669195,Asia,238.5196939,5.80145537085299,30725305,Arabic,7.5464712,4.56377343749618,62.5480287876873,437072,185470085470.0,70.5406388710808,0
ISL,1106958185.40328,47714.5922308485,Europe,88.72937642,4.00102664343116,319014,Icelandic,1.88162028,6.60042661433499,22.3658536476198,102819,15158548263.0,66.9311022193534,0
ISR,8653000000.0,33610.6940289761,Asia,91.49836583,3.47857270934193,7765800,Hebrew,4.783497509,1.56785041493559,20.7463992737259,21621,261468634287.0,53.7883174443565,0
ITA,34465481829.5319,38599.0622070322,Europe,94.03176162,2.78063272879324,59379449,Italian,0.707333347,1.88342627816685,21.7497036250001,301323,2291991045770.0,47.2098266699967,0
JAM,172757165.409787,5111.46598710697,America,92.15338569,7.55585646580907,2825932,English,1.730376267,5.64728677796925,18.2490235366752,10991,14444655300.0,55.8130314128614,0
JOR,1486056338.02817,3852.89002548782,Asia,78.81172359,4.16244162927781,7662858,Arabic,2.737179832,3.50500375059406,26.7946689561015,91862,29524149165.0,91.2337891894932,0
JPN,-850717035.068239,48167.9972684965,Asia,61.59802886,-0.267633600966946,127833000,Japanese,-0.1154213398,1.0754189233601,26.8817083953574,377801,6157459594824.0,27.260657973478,0
KAZ,13760291528.5034,11634.0012021103,Asia,232.0804198,8.42488761919795,16557202,Kazakh,7.400000001,4.9889741557576,37.2660880953566,2717300,192626507972.0,62.9414929838657,1
KEN,1450460112.22249,971.633036511422,Africa,92.13262128,14.0224939638475,43178270,English,6.10826372,26.3046046638708,18.9069378338439,582646,41953433591.0,48.9542767822588,0
KGZ,685760800.0,1123.8831680627,Asia,128.2204491,16.6363262731496,5514600,Kyrgyz,5.956274309,16.56531665018,27.4490880946162,198500,6197766119.0,100.681437159668,1
KHM,1538883424.90021,882.275613986936,Asia,67.73943785,5.47858730411899,14541421,Khmer,7.069569946,34.5573140316336,22.1418106043407,181035,12829541141.0,124.743354607075,0
KIR,-348737.579186123,1734.90239727549,Pacific,85.12066056,1.49740979875968,104735,English,1.594561102,25.0739372058832,12.8273246936076,717,181705002.6,55.584600625557,0
KNA,109632707.037037,16539.7690073067,America,69.7843723,5.83516519570853,49442,English,1.828435302,1.36506714373061,21.4089992979914,269,817759259.3,35.7073303290382,0
KOR,9773000000.0,25096.2638838239,Asia,51.05174842,4.02584624959385,49936638,Korean,3.685667782,2.20919995518876,34.4509672575549,99484,1253223044719.0,86.1480328301884,0
KWT,3259067552.4562,48631.7834045849,Asia,220.7903647,4.8394034987095,3168054,Arabic,9.628406975,0.438823407677764,72.7057014119484,17818,154068115942.0,82.5563415391273,0
LAO,300743507.13,1378.36201638757,Asia,110.60392,7.56898856109973,6347564,Lao,8.038652681,20.7912551867683,30.8159701948389,236800,8749241114.0,52.5074111004857,1
LBN,3137050288.4,7675.30893971499,Asia,98.07527278,4.97148571692381,5202022,Arabic,0.8673398773,3.80460970717627,14.5062160702885,10452,39927125961.0,66.1555255083281,0
LBR,2086006933.33333,596.89663532503,Africa,149.2426781,8.48816751849397,4017446,English,8.20076584,44.3005004170142,8.30011676396997,111369,2398000000.0,58.8407005838199,0
LBY,0.0,5554.18005326459,Africa,209.0821118,15.5184815317562,6247438,Arabic,-62.07591958,1.0,80.0,1759540,34699395524.0,77.9840674215495,0
LCA,96416427.7777778,8983.74373302309,America,99.24634389,2.76940794144096,175538,English,5.483411333,2.34202618789067,11.5839152109129,617,1576988407.0,54.3440900373466,0
LKA,955920000.0,3200.86113238282,Asia,99.79717962,6.7167684358854,20398496,Sinhala,8.404733021,8.83166396340375,27.9956667878927,65610,65292753005.0,46.7203458206856,0
LSO,61173319.2085146,1287.26953644869,Africa,73.8478424,5.03663052101557,2003793,English,5.355154953,4.54393031933864,33.1994946050199,30355,2622336148.0,142.357491199497,1
LTU,1880811089.20549,14376.9478643932,Europe,93.88788638,4.13027562645087,3028115,Lithuanian,6.03900816,3.49019426022174,28.0787490107662,65300,43582248870.0,137.413412785793,0
LUX,8843156716.781,115761.507705096,Europe,77.90731105,3.4106834106834,518347,French,2.539235768,0.252350036648048,11.1886704688833,2586,60004630234.0,82.8702715202826,1
LVA,1519518896.45563,13776.0887766199,Europe,104.8307651,4.37073559939221,2059709,Latvian,6.46884995,3.29022139171058,21.0060361029564,64589,28619991392.0,103.683791222843,0
MAR,2521362080.65559,3046.94785427611,Africa,104.8920643,0.906924909691796,32781860,Arabic,5.245697297,13.1199875133676,26.6121352019384,710850,101370474295.0,65.034715935211,0
MDA,358990000.0,2942.25594861529,Europe,73.629551,7.68725103356185,2859833,Romanian,5.818166405,11.3842529585114,20.910720433661,33700,8414360656.0,88.039962899103,0
MDG,815534454.532063,531.265498542052,Africa,76.8064817,9.48254048582997,21743970,French,1.578429421,29.050202128158,10.9749695582762,587041,11551821062.0,38.9116138117537,0
MDV,423530663.953749,7291.46596660877,Asia,87.34267166,11.2734146055937,380493,Maldivian,8.566733531,5.385634653611,10.0744819854785,298,2774351760.0,65.2765098531897,0
MEX,23835278742.0,10203.4212952716,America,118.426444,3.40737824605736,115695468,Spanish,3.66300793,3.08846155393052,33.556801094017,1967210,1180489601958.0,60.1984972016312,0
MKD,507920732.789,5063.88590630977,Europe,86.30003013,3.90475422069738,2072484,Macedonian,2.339886045,9.35099292094117,21.5924220032487,25713,10494632699.0,109.62548418091,1
MLI,556147161.584486,837.605820999201,Africa,185.7572616,2.95564395229391,15514593,French,3.21313378,34.5586305785061,20.6490800268912,1240142,12995074801.0,44.0627166578842,1
MLT,7806911229.55319,23155.5547893882,Europe,136.1128881,2.96298528192878,416268,English,0.4670505643,0.991911789935635,16.3378778862183,316,9638916472.0,110.790460950395,0
MMR,2519813313.27459,1061.92341090353,Asia,107.90628,5.02146014620726,50990612,Burmese,5.591482378,32.4961825024034,31.2916488307023,678500,59977326086.0,33.7167725169205,0
MNG,4571161962.80891,3757.56541460408,Asia,207.0824438,8.41121495327101,2770357,Mongolian,17.29077758,10.3073568180221,31.3337485626924,1565500,10409797649.0,109.665916520104,1
MOZ,3663937118.45157,594.586147098683,Africa,101.7156638,11.1666056127874,24187500,Portuguese,7.417384316,25.7515292714485,16.5265916451718,801590,14381552433.0,68.9494409329661,0
MRT,588749564.2399,1879.77247186677,Africa,163.9744581,5.68631959575963,3598646,Arabic,4.172783283,14.5158947387598,44.107903772358,1030700,6764635687.0,77.1068870742465,0
MUS,433331010.9385,9197.04299089459,Africa,98.68258119,6.52249254869339,1252404,English,4.077538074,3.70364769678842,21.5997725671184,2045,11518393367.0,66.9710290128143,0
MWI,812751769.848633,534.951050199388,Africa,101.9605141,7.62282262848515,14962118,English,4.854055109,28.7723804157092,15.4137365919801,118484,8004000737.0,48.138426350224,1
MYS,15119439203.9543,10399.3702125714,Asia,114.7991949,3.17447092151309,28650962,Malay,5.293912834,11.4533531198278,39.8242687277964,329758,297951960784.0,139.471812471414,0
NAM,803600584.603823,5806.74824519587,Africa,124.8830323,5.00559518081198,2156698,English,5.091338117,8.11362715866322,29.3288911332516,825518,12343501808.0,87.8355554892372,0
NER,1067186136.05029,512.595335012861,Africa,182.0304457,2.94238514013317,17114770,French,2.357756936,33.6467642815211,22.7795105220039,1267000,8772951262.0,39.2114340697603,1
NGA,8841062050.7726,2487.59801680379,Africa,219.1989891,10.8400275418866,162805080,English,5.307924204,22.2347109927204,28.2777998870502,923768,404993594134.0,42.4698075454665,0
NIC,936300000.0,1655.81805473253,America,278.5234735,8.0823879809911,5903035,Spanish,6.316709606,18.884220035313,23.1573616566978,130670,9774262742.0,107.301231573617,0
NLD,332071022439.732,54159.3466126142,Europe,91.78790653,2.3410701775137,16693074,Dutch,1.551189312,1.57897407431895,20.0661480812905,41863,904085980796.0,139.529538870774,0
NOR,10296323075.6966,100600.562407589,Europe,157.4123989,1.28495158809159,4953088,Norwegian,0.9814694973,1.34465673332777,37.0265440080382,323752,498283438454.0,50.4118701555134,0
NPL,94022157.1167852,799.583376878379,Asia,71.99152515,9.22707546125953,27041220,Nepali,3.421828241,30.7373089937796,13.5851934741107,147181,18913574371.0,30.9549984678486,1
NZL,1378410924.39879,38387.6270784076,Pacific,130.9674814,4.02790667392038,4384000,English,2.358784916,6.28423893909166,20.9947189297031,268676,168510189201.0,44.4312775672448,0
OMN,1629144343.30299,20876.5850396107,Asia,230.3003528,4.04218867116396,3251102,Arabic,2.658868673,1.25647475829366,71.5049154509604,212379,67872692582.0,104.772361275533,0
PAK,1326000000.0,1164.97882332035,Asia,50.45370633,11.9160927116277,183340168,Urdu,2.748405917,25.1291827073544,20.5017880943991,882872,213587413184.0,32.4902104321192,0
PAN,4395600000.0,9358.26157385486,America,180.4503124,5.87580243678762,3706479,Spanish,11.31373175,3.22923814081681,19.8372839919046,75648,34686200000.0,104.816901246029,0
PER,7682261108.57854,5869.32388186462,America,203.2808837,3.36931095333853,29264314,Spanish,6.327192402,7.10011013658205,37.2361002771383,1285216,171761737047.0,48.9765657046099,0
PHL,2007150725.40003,2450.73569408545,Asia,75.11144806,4.71841704718416,95570049,English,3.858232828,14.0957351510823,31.3386827828469,300000,234216730704.0,47.818063289947,0
PLW,8326127.02949998,11094.8332206446,Pacific,84.0194668,4.67469879518072,17748,English,6.683682862,3.75859969295789,8.17424716026674,487,196911100.0,68.5588572711239,0
PNG,36419303.6839465,2406.91096725754,Pacific,226.4494699,4.44083401028976,7472196,English,1.107543597,19.1997113715188,31.3362203529409,462840,17984910496.0,62.1632228796478,0
POL,18534000000.0,13879.5609852546,Europe,99.34090465,4.23940149625935,38063255,Polish,4.757638004,3.08506431236907,29.5788982086579,312685,528301269070.0,75.5805490876543,0
PRT,9821076889.908,23186.9131283278,Europe,90.98701987,3.65301100430729,10557560,Portuguese,-1.696164781,1.83401602752623,19.3449680402193,92389,244797226567.0,58.2167543311327,0
PRY,463994000.0,5329.38743682686,America,113.2161519,8.25396825396825,6333981,Spanish,4.249111045,14.1250204425197,33.7057682962777,406752,33715524704.0,59.6304586516203,1
QAT,938516483.516483,82409.9416434106,Asia,213.0959302,1.13836623529203,2035862,Arabic,13.37517641,0.0966060405058313,73.2142657935366,11437,167775268614.0,81.5233384096972,0
RUS,55083630000.0,14311.0843159612,Asia,194.4982951,8.44046485932559,142960908,Russian,4.300029186,3.1507257212962,29.4135888383738,17075400,2045925608274.0,41.3427544275876,0
RWA,112127535.812557,668.494672193863,Africa,181.854096,3.1,10293333,French,7.958406046,23.8500827456247,18.1489624599224,26338,6884889636.0,36.3753245066492,1
SAU,16308280000.0,23745.8805777495,Asia,148.2665575,5.82621608838853,28267591,Arabic,9.996846552,2.17142778334318,63.6763624880147,2153168,671238840108.0,73.9356798723291,0
SEN,338661995.579347,1366.77450070807,Africa,106.0818813,3.40322829786967,13033814,French,1.458388671,12.9470610352017,23.3061329625455,196722,17902207622.0,47.4394575995592,0
SGP,49155657316.2946,53890.4287270504,Asia,81.87670111,5.2477933984048,5183688,English,6.337870814,0.0346645211472078,25.2604463868213,646,279351168707.0,277.526313416792,0
SLE,950477791.380298,448.337662148696,Africa,65.86315799,6.78819444444446,6563238,English,6.315045036,54.5934658718491,7.869629662271,73326,2942546781.0,70.245272337373,0
SLV,122500004.314785,3266.01258790059,America,80.5127644,5.12892376681616,6210567,Spanish,3.815356138,7.33018829321345,26.195498967402,21041,20283790000.0,75.2965791895893,0
STP,32152348.5469533,1254.54159767468,Africa,115.9719663,14.3271667616801,184521,Portuguese,4.398201685,11.3001321587146,16.6680981670923,964,231488665.2,62.6378924213075,0
SUR,145288761.2,8263.20380320348,America,140.5565891,17.7117796414557,535177,Dutch,5.849367784,8.73235538333795,35.1093274287296,163820,4422276622.0,92.8254912814835,0
SVK,5431592591.915,18361.5694760083,Europe,91.96647031,3.91928599146294,5398384,Slovak,2.847218178,2.1627257821802,31.0354117998344,49036,99122802874.0,161.338254531613,1
SVN,875946337.676014,25095.1322896197,Europe,94.35868968,1.80285171941907,2052843,Slovenian,0.8613277327,2.14260566834084,26.8088279393627,20256,51516366655.0,136.292608658633,0
SWE,6979353755.44351,60755.7595508465,Europe,92.83549928,2.96115073822139,9449213,Swedish,3.195333235,1.67048248278859,23.6323618761744,449964,574094112973.0,63.4023223326953,0
SWZ,98708321.7157849,4496.61296226253,Africa,119.0191438,6.10742714590245,1072029,Swati,2.247229761,9.71988478106542,36.7774895543568,17364,4820499497.0,80.0746893998211,1
SYC,143240665.103455,12189.0951601357,Africa,83.22307843,2.5592677223095,87441,English,7.887279597,2.22137693240376,13.7073969384662,455,1065826670.0,143.738193391937,0
TCD,281900000.0,984.736130484829,Africa,217.8429308,2.02924053678257,12360986,French,0.08286979844,51.1962001303935,12.6090044327778,1284005,12172309523.0,66.5444793771431,1
TGO,728710878.416044,587.097492827983,Africa,115.1477638,3.56351472903955,6595939,French,6.398199052,29.8750736235753,17.1220637287378,56785,3872459250.0,86.9215086051715,0
THA,2473685995.7,5492.12149993341,Asia,93.82092079,3.80879058139634,67518379,Thai,0.8401320831,11.5917917775207,37.9813982711097,513115,370819140947.0,121.720523608315,0
TJK,145883670.0,847.382432066315,Asia,102.3762515,12.4315490430408,7697507,Tajik,7.400640543,23.8355098416752,22.4687490647166,143095,6522732203.0,68.4222479390511,1
TKM,3391067000.0,5649.96210595541,Asia,223.4511001,5.3,5174076,Turkmen,14.69999993,8.88435455800276,65.8692912440737,488100,29233333333.0,70.4675028506271,1
TON,7641551.95808181,4002.81377065344,Pacific,102.4640609,6.27075302995689,103558,Tongan,6.818276144,17.049495008416,19.1712720931761,748,414523388.5,49.9368686453048,0
TTO,41047454.4570203,19034.1207062684,America,139.9827214,5.10713289264559,1336180,English,-0.294354409,0.456542570355529,57.0510122828478,5130,25433011405.0,96.1545591683343,0
TUN,432666011.578487,4264.6781221604,Africa,112.7946423,3.24002842009523,10741872,Arabic,-1.91717768,8.53467551114708,29.8067053069984,164150,45810626509.0,91.2430219468401,0
TUR,16182000000.0,11420.5554558378,Europe,89.02036285,6.47187967115097,73443254,Turkish,11.20011058,8.17395626522538,26.8375169369019,780576,838785707000.0,44.7980072656482,0
TZA,1229361018.44368,781.433895673281,Africa,153.9072005,12.6909694699163,45673520,English,7.672155435,24.9768644464588,26.3820840879288,945090,34657139495.0,44.821933449125,0
UGA,894293858.0,828.994112767086,Africa,121.3141492,15.1251539449716,33476772,English,9.391655493,28.821123716599,25.6551974840714,241038,27752712167.0,28.0700015655905,1
UKR,7207000000.0,3569.75812083898,Europe,106.5521884,7.95572466274646,45706086,Ukrainian,5.465501846,8.19659520719759,25.1092507563514,603677,163159671670.0,92.5804755879079,0
URY,2690094196.66277,14236.7149957359,America,104.9166011,8.09283206302989,3368926,Spanish,5.162133022,8.82916199388321,22.7051202488207,176215,47962439303.0,38.8595748476717,0
USA,263497000000.0,49882.5581321495,America,94.59459459,3.15684156862206,311583481,English,1.550835504,1.21648753662505,19.4169009561953,9529106,15542581104000.0,24.1178217113198,0
UZB,1615052149.82,1926.29299673401,Asia,189.1797913,12.4,29339400,Uzbek,7.784905864,31.6232422641087,21.0597346344211,447400,56516280748.0,41.9808233766003,1
VCT,85623860.3703704,6242.25296246715,America,102.7429679,3.18603111552464,108315,English,-0.4192961684,6.36082276574183,15.6533647393936,389,676129629.6,54.7232340938347,0
VNM,7430000000.0,1525.11902548642,Asia,126.2725419,18.6777322770706,88871384,Vietnamese,6.240302749,19.5677511259479,32.2444134279177,331114,135539438560.0,150.255897592702,0
WSM,8984743.31145687,3933.45935710691,Pacific,80.56543551,5.23541591478427,187469,Samoan,4.173393458,8.8369953798775,18.5841383064822,2842,737401692.2,55.8718544245614,0
YEM,-517842928.476896,1374.62140060517,Asia,171.4306854,19.5435617131149,23807586,Arabic,-12.71482302,8.53316922274811,46.4660961670498,547244,32726417212.0,64.0461186569839,0
ZAF,4139289122.68737,8007.47643908404,Africa,146.2948344,5.01715773281268,52003759,English,3.284168142,2.2854725377128,26.9425399457188,1219912,416418874936.0,56.0121104106237,0
ZMB,1108500000.0,1672.90753526193,Africa,197.4470404,6.42939681072336,14023199,English,5.564602337,9.64805782176724,34.4442819243584,752614,23459515276.0,68.9656193231028,1
ZWE,344300000.0,1093.65340855817,Africa,111.413525,3.46612972817,12894323,English,14.19391296,8.6658651729864,21.720292235661,390759,14101920300.0,81.5208124527551,1
