source,target,weight
LAO,VNM,722769.1147000003
LAO,THA,2363288.07811
LAO,CHN,1239830.9160000002
POL,SGP,241650.21600000004
POL,USA,6138216.395999998
POL,FIN,1735636.4159999995
POL,IND,736162.6080000002
POL,ESP,6074261.926
POL,HUN,5800798.030999998
POL,PRT,954512.1549999996
POL,GRC,878322.9349999998
POL,DZA,360362.451
POL,SVN,863497.3469999994
POL,TUR,3271239.1150000007
POL,VNM,276454.738
POL,LVA,1399804.3330000003
POL,CAN,1294766.5609999998
POL,THA,265411.63999999984
POL,DEU,60209643.52299999
POL,ARE,549554.9039999999
POL,AUS,714152.2529999998
POL,CHE,2174679.0930000003
POL,EST,1234451.859000001
POL,AUT,4225042.247
POL,LTU,3041075.729
POL,CZE,14051780.541000005
POL,FRA,12342547.879000008
POL,UKR,4609849.198000002
POL,BHS,304914.9150000001
POL,BIH,274034.25800000003
POL,HRV,769487.2580000001
POL,SVK,5471194.500999999
POL,BLR,1481965.6550000007
POL,ISR,607360.0650000001
POL,ZAF,639678.6510000001
POL,MDA,195229.62300000005
POL,ITA,10856011.128
POL,LUX,349470.216
POL,BGR,1084813.839
POL,CHN,2304750.878000001
POL,KAZ,477731.5429999999
POL,BRA,409039.674
POL,MEX,675489.5250000001
POL,EGY,276320.14999999985
POL,SWE,6038310.277000001
POL,IRL,876218.024
POL,BEL,4798334.16
POL,DNK,3942256.9900000007
POL,JPN,557799.4570000002
POL,RUS,6945277.890999998
POL,MAR,255576.10600000003
POL,GBR,14071232.307999998
POL,KOR,544003.4480000001
POL,SAU,653852.912
POL,NLD,9585823.217999998
POL,NOR,2648669.177
SGP,POL,267007.6908203855
SGP,USA,23951289.02267456
SGP,LKA,1805378.111104614
SGP,IND,10728854.022171749
SGP,ESP,297506.1360904778
SGP,HUN,265404.0679638533
SGP,TUR,480464.9550171242
SGP,VNM,12185866.11613664
SGP,CAN,728959.9759552852
SGP,THA,14519912.712142607
SGP,DEU,5971332.184739887
SGP,ARE,3542276.409177467
SGP,AUS,9856239.875934036
SGP,CHE,2354471.9988130825
SGP,CZE,477683.7529462157
SGP,FRA,3639467.887103034
SGP,MMR,2499351.394356389
SGP,PNG,452250.4592966464
SGP,PAN,1440186.973993329
SGP,KHM,2979915.129035346
SGP,MYS,39243623.49509273
SGP,ISR,655070.5269079476
SGP,QAT,417527.26720443706
SGP,NGA,222374.25223900372
SGP,ZAF,407961.8906852607
SGP,ITA,572622.917311363
SGP,PAK,955295.4707812748
SGP,CHN,53528357.02201871
SGP,BGD,2821047.947910454
SGP,BRA,1188447.146399607
SGP,MEX,1279248.582119194
SGP,EGY,402948.6112155432
SGP,NZL,1789785.8836821187
SGP,SWE,187279.47751577376
SGP,PHL,7187489.28610254
SGP,IRL,226652.6352897645
SGP,MDV,235092.80410840732
SGP,FJI,285593.8866552298
SGP,KWT,207924.35508851372
SGP,BEL,4901822.052301413
SGP,JPN,16495754.175848974
SGP,RUS,648004.9987138526
SGP,GBR,2490640.5983128794
SGP,KOR,16475075.999676296
SGP,BRN,733494.2408884065
SGP,SAU,776180.0244715187
SGP,NLD,7733303.7480338
SGP,IDN,27451536.71580586
USA,POL,3372243.1189999995
USA,SGP,23936719.46600001
USA,BEN,246748.846
USA,FIN,1371394.644
USA,GUY,325549.096
USA,LKA,321603.1160000001
USA,AGO,732158.0179999999
USA,GTM,6271122.899000002
USA,IND,23625695.41399999
USA,SEN,195197.8590000001
USA,ESP,9714147.159
USA,HUN,1726712.8880000005
USA,IRQ,1038649.054
USA,PRT,893711.524
USA,HTI,931158.884
USA,CIV,315218.578
USA,GRC,907675.982
USA,DOM,7485908.638000001
USA,NIC,1416007.317
USA,AFG,874366.1730000001
USA,DZA,1010902.125
USA,SVN,348245.9610000002
USA,GHA,819885.177
USA,ETH,203158.469
USA,COL,12482578.641999995
USA,TUR,7994564.567000003
USA,KEN,287534.907
USA,VNM,7805445.276
USA,LVA,283513.59799999994
USA,ATG,360247.132
USA,HND,4749103.685999999
USA,CAN,266401311.11500007
USA,THA,10047428.167000003
USA,DEU,45031947.17300004
USA,PRY,2675343.148
USA,ARE,14901769.251999998
USA,AUS,21961235.677
USA,MLT,230121.189
USA,CHE,19744018.912
USA,EST,232304.097
USA,AUT,3702748.494
USA,LTU,577683.115
USA,CZE,1987100.376
USA,FRA,21303167.588000007
USA,UKR,1642762.8369999996
USA,BHS,2710695.7490000003
USA,SLV,2703127.3889999995
USA,SUR,332781.0059999999
USA,HRV,436087.619
USA,SVK,411970.8870000001
USA,TUN,504688.47
USA,PAN,5878262.715000001
USA,ISL,271573.37700000004
USA,KHM,395557.067
USA,ECU,4670373.9350000005
USA,MYS,11398083.917
USA,ISR,11397914.396999996
USA,QAT,1414257.831
USA,NGA,2099614.373
USA,ZAF,4549120.909000001
USA,LCA,460455.64
USA,BHR,670391.8899999999
USA,CRI,5726017.415
USA,ITA,16985143.606999997
USA,PER,8283787.194000001
USA,LUX,837613.2350000002
USA,PAK,2644635.993
USA,BGR,321623.45000000007
USA,CHN,111305081.03900002
USA,KAZ,516976.4900000001
USA,BGD,1422506.3500000003
USA,BRA,31153887.973
USA,MEX,232920538.96400005
USA,EGY,3331521.378999999
USA,ARG,8679352.77
USA,NZL,2691485.876999999
USA,SWE,3267428.3049999992
USA,YEM,195222.77400000003
USA,PHL,7797091.462
USA,IRL,8692312.530000003
USA,GEO,377565.38400000014
USA,KWT,3660563.998
USA,BEL,29041801.900999986
USA,DNK,1931556.1360000004
USA,URY,1522855.951
USA,JPN,60182898.155
USA,BOL,534309.0080000001
USA,RUS,4637915.254
USA,MAR,2081391.65
USA,JOR,1440225.536
USA,GBR,44599130.97300001
USA,CHL,11920287.367000004
USA,KOR,44703244.89199999
USA,TGO,452387.238
USA,JAM,1915839.839
USA,SAU,13146833.539999995
USA,NLD,38415914.62499999
USA,IDN,6300246.865999999
USA,TTO,1594405.1879999998
USA,NOR,2575618.797999999
USA,OMN,1237998.7550000004
USA,LBN,1185792.118000001
FIN,POL,1547946.4373630052
FIN,SGP,189609.59408820805
FIN,USA,4194873.846072923
FIN,IND,564141.985260084
FIN,ESP,1085625.885695176
FIN,HUN,272353.6276425999
FIN,TUR,807534.4499732442
FIN,LVA,599119.954594028
FIN,CYP,399093.52599376405
FIN,CAN,621471.8948348679
FIN,DEU,9034577.865981698
FIN,ARE,346726.7545249479
FIN,AUS,563529.020682852
FIN,CHE,642736.6283655796
FIN,EST,1834964.9947568795
FIN,AUT,370762.1375191441
FIN,LTU,496649.495232072
FIN,CZE,286095.84322740405
FIN,FRA,1936334.9917938325
FIN,UKR,208280.385793956
FIN,ISR,190054.783004352
FIN,ZAF,312734.8309864799
FIN,ITA,1471788.732797404
FIN,CHN,3585933.506536979
FIN,BRA,349576.47221162415
FIN,MEX,334344.4635728959
FIN,EGY,394848.12300122005
FIN,SWE,6147421.324784542
FIN,PHL,187333.50570704005
FIN,IRL,296161.36722765607
FIN,BEL,2048943.2059990887
FIN,DNK,899663.2724474637
FIN,JPN,1061096.0127943
FIN,RUS,3695285.515609047
FIN,MAR,197721.937751016
FIN,GBR,2744614.42698114
FIN,CHL,214351.01453654
FIN,KOR,733719.8597722559
FIN,SAU,335180.012440252
FIN,NLD,4315970.479055031
FIN,IDN,277366.10854066804
FIN,NOR,1616957.711524232
BWA,SGP,482829.3548501134
BWA,IND,1163147.0635467502
BWA,ARE,976887.9959255004
BWA,ISR,451953.2425876915
BWA,ZAF,533923.9654751511
BWA,BEL,1346617.3095876945
GUY,USA,285446.4307848231
GUY,CAN,409562.3296017917
GUY,TTO,204274.05797247463
LKA,SGP,231865.83028622705
LKA,USA,2917866.839784208
LKA,IND,774480.3983513472
LKA,TUR,234955.1133812316
LKA,CAN,208843.2769026868
LKA,DEU,547044.4905117342
LKA,ARE,299821.9051996736
LKA,AUS,186073.8762754265
LKA,FRA,197520.66151917988
LKA,ITA,531611.3691368806
LKA,CHN,430324.7787042246
LKA,BEL,347435.7346382409
LKA,JPN,209514.71292330284
LKA,RUS,213091.91021531267
LKA,GBR,1041823.1146308576
LKA,NLD,218110.3311097788
ZMB,SGP,495191.44643000007
ZMB,ARE,293709.41077
ZMB,CHE,3632991.347560001
ZMB,ZAF,451345.66113
ZMB,CHN,1328351.73615
ZMB,GBR,184494.20142
AGO,SGP,273956.8204
AGO,USA,1079503.61712
AGO,IND,2890061.1591300005
AGO,ESP,1025777.2748200002
AGO,PRT,334760.80382
AGO,COL,457986.25767
AGO,CAN,1079684.28174
AGO,THA,190264.40664
AGO,ARE,1016519.50683
AGO,FRA,330775.78057
AGO,PAN,184420.36578999995
AGO,MYS,571648.5782199999
AGO,ZAF,1342544.2739900004
AGO,ITA,460497.63793
AGO,CHN,19487066.53926
AGO,JPN,282364.1541700001
AGO,GBR,373201.021
AGO,IDN,415879.35116
GTM,USA,3797850.940999999
GTM,NIC,560979.2030000002
GTM,HND,964433.1499999998
GTM,CAN,222168.739
GTM,SLV,1213815.237
GTM,PAN,288493.64700000006
GTM,CRI,421613.9360000001
GTM,MEX,510994.21400000015
GTM,NLD,355155.802
IND,POL,1460467.7028596213
IND,SGP,11531022.735052465
IND,BEN,483125.80631998
IND,USA,45878807.44636186
IND,FIN,286056.8447733775
IND,LKA,4394417.368726001
IND,ZMB,255320.5080521549
IND,AGO,232294.68784689024
IND,GTM,280429.64979218214
IND,SEN,729186.9535253787
IND,ESP,3760724.234183672
IND,HUN,399831.3226917718
IND,IRQ,1247204.299830682
IND,PRT,734235.5911296072
IND,CIV,536402.6545476093
IND,GRC,422348.0260364807
IND,DOM,191814.9852492892
IND,AFG,637203.9812305124
IND,DZA,761730.7506011935
IND,SVN,263170.1517483804
IND,GHA,633643.5363234939
IND,ETH,710126.3245778796
IND,TZA,1561599.3289915218
IND,COL,908349.3008611205
IND,TUR,4902446.059846854
IND,IRN,2585943.741632413
IND,KEN,1805358.210625136
IND,BTN,401292.20664449
IND,VNM,8109771.552224099
IND,CAN,2305235.681909841
IND,THA,3575814.6993946005
IND,DEU,8218434.26427253
IND,ARE,28581276.730071545
IND,AUS,3870604.5277172495
IND,MLT,205527.3756829984
IND,CHE,988807.254827385
IND,AUT,436637.7113202352
IND,MUS,764548.4823721846
IND,MDG,266046.6390743334
IND,CZE,391874.9736632652
IND,FRA,5014838.781723654
IND,MMR,1049134.9742562908
IND,UKR,325336.97517737414
IND,UGA,502462.9265285952
IND,TUN,263337.853117956
IND,PAN,233446.0259373828
IND,ECU,260481.75958701345
IND,GIN,364993.597897276
IND,MYS,5533095.984248002
IND,MOZ,1050190.0993949077
IND,ISR,3248609.760780601
IND,LBR,251706.6813845154
IND,QAT,1178246.2649243902
IND,NGA,2057163.8808621613
IND,ZAF,4063597.75840673
IND,BHR,485899.3808548368
IND,ITA,5629515.760332245
IND,PER,721635.5039602992
IND,PAK,1787439.2794897333
IND,CHN,12477607.267170943
IND,BGD,7168343.341581112
IND,BRA,2852817.2462762576
IND,MEX,3673666.455643021
IND,EGY,2308566.9213123973
IND,ARG,650144.0176026921
IND,NZL,328408.3842666178
IND,SWE,752927.6153985262
IND,CMR,189777.21908289407
IND,YEM,508716.6749357424
IND,PHL,1580216.122934706
IND,IRL,516314.7213579167
IND,MDV,212887.78061420124
IND,KWT,1359617.4832130063
IND,BEL,6209665.805765268
IND,DNK,759832.00276224
IND,MWI,222843.3311479751
IND,JPN,4476290.25994088
IND,RUS,2129762.392534987
IND,MAR,403295.64705202926
IND,JOR,489853.0442942616
IND,GBR,8920955.790681206
IND,CHL,742190.5779006263
IND,KOR,4367179.507925588
IND,NPL,5487093.753606393
IND,TGO,400042.0110374591
IND,SAU,5175973.186948184
IND,NLD,5419201.932529273
IND,IDN,3752616.926557304
IND,NOR,343232.65875541803
IND,OMN,2871186.375130865
IND,LBN,243550.01910672148
SEN,CHE,301263.7483920772
SEN,MLI,592624.8947766072
MRT,ESP,230994.9851514508
MRT,CHE,306403.048928126
MRT,CHN,698317.3247943002
ESP,POL,6154048.405225058
ESP,SGP,657436.4433441341
ESP,USA,13953234.832448011
ESP,FIN,1068528.4283214456
ESP,AGO,263208.73263267864
ESP,GTM,243126.2510092614
ESP,IND,1427829.4783959363
ESP,SEN,407981.5169137396
ESP,HUN,1911337.8373518
ESP,IRQ,212636.41684393943
ESP,PRT,22319929.52241308
ESP,CIV,261841.18229621256
ESP,GRC,2492598.6505008405
ESP,DOM,577539.6998502854
ESP,DZA,2987393.847888625
ESP,SVN,717423.9116100052
ESP,GHA,253261.0843979416
ESP,COL,1079082.5434377934
ESP,TUR,6433526.439779774
ESP,IRN,494010.4407535902
ESP,VNM,473323.953722956
ESP,LVA,228995.47651294383
ESP,CYP,294018.1177069803
ESP,CAN,1846786.073983011
ESP,THA,695340.6060777326
ESP,DEU,34854114.292147525
ESP,ARE,1963664.0389696497
ESP,AUS,1851798.421209887
ESP,MLT,461533.64706350735
ESP,CHE,4656830.138927599
ESP,EST,267782.7613676165
ESP,AUT,2671158.127791509
ESP,LTU,446720.6976313508
ESP,CZE,2676912.23313406
ESP,FRA,46868606.46403987
ESP,UKR,438545.3828524032
ESP,BHS,202912.88741572195
ESP,HRV,491216.2356674472
ESP,SVK,1127385.576940862
ESP,TUN,964741.329270916
ESP,PAN,415363.5180664454
ESP,ECU,580419.4451411978
ESP,MYS,733990.0859310919
ESP,ISR,1705745.9447114526
ESP,QAT,463684.1996917901
ESP,NGA,275642.70806824544
ESP,ZAF,1343935.9043873867
ESP,CRI,242683.78454480632
ESP,ITA,25035209.477181382
ESP,PER,994198.6000429152
ESP,LUX,357231.0897906275
ESP,PAK,273737.92240561376
ESP,BGR,1820620.977937237
ESP,CHN,7043512.881698167
ESP,KAZ,184003.0550440469
ESP,BRA,2735456.539802327
ESP,MEX,5179421.329061665
ESP,EGY,1422301.2607048943
ESP,LBY,610675.7477298074
ESP,ARG,1412180.3806105673
ESP,NZL,268996.71809500124
ESP,SWE,2521567.939748401
ESP,PHL,474214.05907715135
ESP,IRL,1739121.7493630487
ESP,KWT,458356.10765700816
ESP,BEL,8696342.663134154
ESP,DNK,1833168.5764418
ESP,URY,243723.05734705343
ESP,JPN,2751195.238095228
ESP,RUS,2179048.843844848
ESP,MAR,9005753.530945487
ESP,JOR,479074.6887194258
ESP,GBR,21298673.912880182
ESP,CHL,1534897.7699063933
ESP,KOR,1944864.666033856
ESP,SAU,2538384.473761936
ESP,NLD,10751638.789162794
ESP,IDN,502636.84047289606
ESP,NOR,1360088.9595645813
ESP,OMN,322360.0888582544
ESP,LBN,593500.66168674
HUN,POL,4516703.712000001
HUN,USA,3167410.5450000013
HUN,FIN,362159.821
HUN,IND,228830.726
HUN,ESP,3092911.311
HUN,PRT,462116.9409999999
HUN,GRC,418864.63400000014
HUN,SVN,1176342.3809999996
HUN,TUR,2112982.759
HUN,LVA,195670.18
HUN,CAN,286221.828
HUN,DEU,30289569.71
HUN,ARE,197439.997
HUN,AUS,410525.738
HUN,CHE,957038.6730000004
HUN,AUT,5179647.025000001
HUN,LTU,270192.93700000003
HUN,CZE,4707531.224999998
HUN,FRA,4843289.928000001
HUN,UKR,1930426.8810000003
HUN,BIH,362392.0859999999
HUN,HRV,1702767.8760000004
HUN,SVK,4900382.213
HUN,ISR,331558.067
HUN,ZAF,200251.628
HUN,ITA,5520675.680999997
HUN,BGR,1253873.916
HUN,CHN,2660230.4309999994
HUN,BRA,235408.62199999992
HUN,MEX,952605.9630000002
HUN,SWE,1536654.6930000002
HUN,BEL,2088444.655
HUN,DNK,844899.8429999999
HUN,JPN,722752.772
HUN,RUS,1916148.4000000004
HUN,GBR,3803371.107
HUN,MKD,319459.83599999995
HUN,KOR,478735.0619999999
HUN,NLD,3778171.167
PRT,POL,719832.0619248063
PRT,USA,3211978.138713309
PRT,FIN,261501.998501198
PRT,AGO,2016476.309743492
PRT,ESP,15641889.454290494
PRT,HUN,236995.33915545064
PRT,DZA,333610.5543483582
PRT,TUR,435194.1362021804
PRT,CAN,333921.6850498707
PRT,DEU,7066927.627768268
PRT,CHE,653314.5620539848
PRT,AUT,410599.6464253536
PRT,CZE,384971.0289975702
PRT,FRA,7803439.204646853
PRT,SVK,304890.6333987485
PRT,TUN,242201.50430080155
PRT,MOZ,203625.57192096944
PRT,ISR,215778.26483986565
PRT,ZAF,203176.90407772543
PRT,ITA,2219050.7109062425
PRT,CHN,950221.6406112429
PRT,BRA,1065389.4381662004
PRT,MEX,320272.83764073974
PRT,SWE,557998.2461552991
PRT,IRL,366995.894658592
PRT,BEL,1434110.0806021446
PRT,DNK,403358.9520236068
PRT,RUS,202935.63713184444
PRT,MAR,824510.4101166173
PRT,GBR,4119688.200001353
PRT,NLD,2496337.698896255
PRT,NOR,204570.09878031656
CIV,USA,1185930.4253875224
CIV,IND,468453.0171935535
CIV,ESP,307393.282638122
CIV,GHA,470856.5594436778
CIV,TUR,187707.49465918148
CIV,VNM,777526.6951917963
CIV,CYP,575598.5396233911
CIV,CAN,200956.18467637096
CIV,DEU,609777.4744815332
CIV,CHE,463522.253760569
CIV,FRA,629484.7204423277
CIV,MYS,466781.0954153827
CIV,MLI,474504.4566577429
CIV,ZAF,388293.36357297446
CIV,ITA,220183.51300347465
CIV,BEL,598573.3721373305
CIV,GBR,353155.0231913101
CIV,BFA,535176.3530299729
CIV,NLD,1494003.71667374
GRC,POL,504046.4864189039
GRC,SGP,514549.647529632
GRC,USA,1178328.9118938483
GRC,ESP,745164.9014340957
GRC,PRT,186386.87415348
GRC,SVN,223009.949800638
GRC,TUR,2204959.761576
GRC,CYP,1944604.5541657023
GRC,DEU,2254450.138093297
GRC,ARE,278361.6586187581
GRC,MLT,249435.101805318
GRC,AUT,266370.800879898
GRC,CZE,256971.424783788
GRC,FRA,839113.785001206
GRC,ALB,520452.097761024
GRC,ISR,499247.7488830261
GRC,ITA,3395385.461746278
GRC,BGR,1519852.110900552
GRC,CHN,527820.5172497402
GRC,EGY,853691.9965439583
GRC,LBY,301175.74600284605
GRC,SWE,210874.601881944
GRC,BEL,384867.913885884
GRC,DNK,217896.195897666
GRC,RUS,264576.5898993361
GRC,GBR,1244792.089446049
GRC,MKD,724818.0978015121
GRC,KOR,200093.426925678
GRC,SAU,768540.162465504
GRC,NLD,694114.1261194142
GRC,LBN,1411049.676622016
DOM,USA,4715909.981369999
DOM,IND,578299.7428499999
DOM,HTI,852525.4051299992
DOM,CAN,787909.4496900002
DOM,CHE,244593.58265
NIC,USA,2888010.5437699994
NIC,SLV,276042.96170000004
NIC,MEX,323723.32047000004
DZA,SGP,331869.43765000004
DZA,USA,3467906.168119999
DZA,IND,871523.97644
DZA,ESP,4103370.76376
DZA,PRT,955803.7059599998
DZA,GRC,427922.4896
DZA,TUR,1837059.42848
DZA,CAN,668028.0603
DZA,THA,203445.23591
DZA,EST,218252.34181
DZA,FRA,4431261.65651
DZA,TUN,753421.5278
DZA,ITA,5629479.666150002
DZA,CHN,691612.13124
DZA,BRA,2127962.68383
DZA,EGY,456827.55365
DZA,BEL,920587.02085
DZA,JPN,249454.62983
DZA,MAR,450367.68295
DZA,GBR,1606169.6016900004
DZA,KOR,892179.50396
DZA,NLD,1903436.6667
DZA,IDN,301518.72721999994
SVN,POL,981138.235
SVN,USA,625440.6970200001
SVN,ESP,626051.1013100003
SVN,HUN,865367.7561600002
SVN,TUR,325127.25652000005
SVN,DEU,6439444.74284
SVN,CHE,603085.6660799999
SVN,AUT,2407306.8526599994
SVN,CZE,773579.57814
SVN,FRA,1792501.2464499995
SVN,BIH,820242.2556200002
SVN,HRV,2546556.31458
SVN,SVK,560164.3299199999
SVN,ITA,3667757.2173800017
SVN,BGR,287092.8398899999
SVN,CHN,359086.84114000003
SVN,SWE,373959.67543
SVN,BEL,430633.33245
SVN,DNK,344015.7957900002
SVN,RUS,937213.79268
SVN,GBR,608634.2259699998
SVN,MKD,207928.97241
SVN,NLD,597857.45234
GHA,USA,407970.0729666012
GHA,IND,2689424.006222758
GHA,ESP,213181.19257123492
GHA,VNM,223705.8217054926
GHA,CAN,287370.5399582288
GHA,DEU,233065.9671756281
GHA,ARE,800769.2455450955
GHA,CHE,1660098.1991517833
GHA,FRA,261795.32520380657
GHA,MYS,454298.02545398095
GHA,ZAF,910266.1394716412
GHA,CHN,2381361.0849918234
GHA,BRA,193883.19343970213
GHA,GBR,329469.63300423144
GHA,TGO,194451.3779605052
GHA,BFA,490656.6458116048
GHA,NLD,884608.5009948488
ETH,USA,218794.12092048628
ETH,CHN,287643.7534077286
TZA,IND,982895.1617400002
TZA,KEN,285993.25124000007
TZA,VNM,314800.61028
TZA,CHE,262392.07048999995
TZA,ZAF,699790.5120200003
TZA,BEL,193526.19863000003
COL,SGP,461919.29271
COL,USA,11006896.700599998
COL,GTM,295421.9023000001
COL,IND,279628.0315500001
COL,ESP,974450.06163
COL,PRT,397432.89888
COL,DOM,346849.19842
COL,TUR,1405657.5105
COL,CAN,526028.0901600001
COL,DEU,473058.07525
COL,CHE,354209.13341
COL,FRA,222073.70707
COL,BHS,802694.5611899998
COL,PAN,2583060.9154600003
COL,ECU,1463043.3924599995
COL,MYS,206050.08227
COL,ISR,302676.96556999994
COL,LCA,594714.49315
COL,CRI,238974.27969
COL,ITA,480544.95747
COL,PER,1113373.8834899997
COL,CHN,1999497.50335
COL,BRA,1362805.1717799995
COL,MEX,1534866.91425
COL,ARG,265199.71354
COL,BEL,507031.6792599999
COL,JPN,557316.0554300001
COL,GBR,403003.94099
COL,CHL,1036949.93429
COL,KOR,455800.9976699999
COL,NLD,1542128.8484300002
COL,TTO,255499.80031999995
TUR,POL,3051617.407
TUR,SGP,670825.046
TUR,USA,8386808.570999999
TUR,FIN,290616.6560000001
TUR,AGO,186413.94
TUR,IND,714000.9249999998
TUR,SEN,243174.35800000007
TUR,ESP,6203068.775
TUR,HUN,1080245.038
TUR,IRQ,9051444.938
TUR,PRT,785094.234
TUR,GRC,1469604.0379999997
TUR,DZA,1711755.823
TUR,SVN,1145190.159
TUR,GHA,224493.22699999987
TUR,ETH,337605.955
TUR,IRN,3154528.3129999987
TUR,VNM,231969.74
TUR,CYP,1095817.4819999998
TUR,CAN,1034339.1720000004
TUR,DEU,15104120.264
TUR,ARE,9170000.521
TUR,AUS,532600.8319999999
TUR,MLT,519339.755
TUR,CHE,891418.7230000002
TUR,AUT,1109397.8909999998
TUR,LTU,300088.80100000004
TUR,CZE,905202.1320000004
TUR,FRA,6574204.997000001
TUR,UKR,1335769.4639999997
TUR,ALB,386938.0220000002
TUR,BIH,347100.5449999999
TUR,HRV,312568.88600000006
TUR,SVK,386891.203
TUR,TUN,897028.37
TUR,ISL,199284.735
TUR,MYS,230539.61099999995
TUR,BLR,421956.66900000005
TUR,KGZ,343599.84
TUR,ISR,3400904.123
TUR,QAT,631625.034
TUR,TKM,1012116.157
TUR,NGA,332573.6360000001
TUR,ZAF,476933.2269999999
TUR,MDA,284104.59299999994
TUR,BHR,210217.45000000007
TUR,UZB,677865.7740000004
TUR,ITA,8275022.013999997
TUR,PAK,339191.15100000007
TUR,BGR,2782582.7010000004
TUR,CHN,2659502.0190000003
TUR,KAZ,741252.8249999998
TUR,BGD,275635.817
TUR,BRA,351442.53
TUR,MEX,433270.084
TUR,EGY,2330913.1090000006
TUR,LBY,879560.062
TUR,SWE,1404249.037
TUR,YEM,561993.9230000002
TUR,IRL,521893.248
TUR,GEO,1207806.61
TUR,KWT,439001.5990000001
TUR,BEL,3132488.156
TUR,DNK,1009024.198
TUR,JPN,403964.72
TUR,RUS,2705143.745
TUR,MAR,1646283.8660000002
TUR,JOR,681824.395
TUR,GBR,9574720.558
TUR,CHL,249798.89000000007
TUR,MKD,359234.541
TUR,KOR,547511.5780000001
TUR,SAU,2726582.131
TUR,NLD,3815239.629
TUR,IDN,218360.80600000004
TUR,NOR,543589.9370000002
TUR,OMN,214928.092
TUR,LBN,888443.8600000003
TUR,AZE,1330475.8830000004
IRN,IND,2713950.48
IRN,ESP,182781.555
IRN,IRQ,6310173.333
IRN,AFG,2777971.5860000006
IRN,TUR,3989965.9670000006
IRN,VNM,364133.41
IRN,THA,728408.5340000002
IRN,DEU,352542.985
IRN,ARE,6693678.981000003
IRN,MYS,204987.675
IRN,QAT,248255.09499999988
IRN,TKM,413702.87800000014
IRN,ARM,204688.753
IRN,ITA,422895.696
IRN,PAK,921835.5220000002
IRN,CHN,9064630.771
IRN,EGY,256877.598
IRN,KWT,248015.633
IRN,JPN,425217.441
IRN,RUS,285491.399
IRN,TJK,215864.35600000023
IRN,KOR,4380132.313999999
IRN,IDN,645332.624
IRN,OMN,520443.7310000001
IRN,AZE,321008.864
KEN,USA,457274.68669090176
KEN,TZA,275903.9359854395
KEN,ARE,254310.4091128192
KEN,UGA,597968.1848522739
KEN,PAK,619675.2891344927
KEN,EGY,183850.68225743045
KEN,GBR,372934.2674806443
KEN,NLD,421486.3153889517
VNM,LAO,514299.9452000001
VNM,POL,774504.744
VNM,SGP,2979170.1979
VNM,USA,41549308.17960001
VNM,LKA,224825.598
VNM,IND,3756249.3589999983
VNM,ESP,2515755.0452000005
VNM,HUN,206581.3133
VNM,PRT,330621.3118
VNM,GRC,270303.4306
VNM,DZA,280663.91490000003
VNM,SVN,286203.3357000001
VNM,GHA,266832.3619
VNM,COL,465921.2963000001
VNM,TUR,1901763.0789
VNM,CAN,2709237.5978
VNM,THA,4800866.7804
VNM,DEU,6353549.6205
VNM,ARE,5026907.091200005
VNM,AUS,3270962.690800001
VNM,CHE,240125.52409999995
VNM,AUT,3705272.0327
VNM,FRA,3372877.444300001
VNM,MMR,701394.3774999998
VNM,UKR,246108.05690000005
VNM,SVK,703322.2052
VNM,PNG,255508.4872
VNM,PAN,325011.5187
VNM,KHM,2761844.3042
VNM,MYS,4204337.903000001
VNM,ISR,711318.0791000001
VNM,ZAF,750597.1227
VNM,ITA,2734907.2517000004
VNM,PER,330438.5022
VNM,PAK,494681.7466999999
VNM,CHN,35394158.63499999
VNM,KAZ,201458.80020000009
VNM,BGD,868728.5204
VNM,BRA,2039515.1349
VNM,MEX,2338388.9136
VNM,EGY,320986.6486
VNM,ARG,481211.4238
VNM,NZL,457239.0645
VNM,SWE,970571.4365999995
VNM,PHL,2833416.2954000006
VNM,BEL,2250527.6389
VNM,DNK,341686.08650000003
VNM,JPN,16792127.6351
VNM,RUS,2165649.6411
VNM,GBR,5415093.374899999
VNM,CHL,998629.0808
VNM,KOR,14807032.687500004
VNM,SAU,431924.1732
VNM,NLD,7098906.5441000005
VNM,IDN,2858866.580199999
LVA,POL,570160.6740843916
LVA,USA,353854.6759128028
LVA,FIN,250284.1654416656
LVA,TUR,208107.3022567476
LVA,DEU,909827.9578490396
LVA,EST,1440863.2048827768
LVA,LTU,2218800.3083101376
LVA,CZE,197204.3651463312
LVA,FRA,207311.8852396816
LVA,ITA,194245.946321588
LVA,SWE,776808.39571235
LVA,BEL,188591.2157273732
LVA,DNK,542468.3085195976
LVA,RUS,1187964.0784647772
LVA,GBR,655777.3025513861
LVA,NLD,336820.39670063404
LVA,NOR,293429.9870566401
HND,USA,1999950.16899
HND,GTM,224091.38717
HND,NIC,205303.94301000005
HND,DEU,393464.8056800001
HND,SLV,287467.81324
HND,BEL,348447.46482000005
HND,NLD,292027.27551000006
COG,USA,283220.1936577345
COG,AGO,519466.2393985328
COG,ESP,924395.005004446
COG,GHA,231276.8778194888
COG,AUS,236019.3201223669
COG,ITA,327552.6353817564
COG,CHN,2993719.899581268
COG,CMR,423712.8119870481
COG,NAM,244853.06023949987
CYP,GRC,250907.70387812905
CYP,LBY,301842.9111753116
CYP,GBR,188835.35451519425
CYP,NOR,218438.5838480569
CAN,POL,533795.2315098376
CAN,SGP,977655.9205760516
CAN,USA,294416904.5708893
CAN,FIN,498741.8001119424
CAN,BWA,445537.4823664033
CAN,IND,3255297.511645229
CAN,ESP,1248580.1388667498
CAN,PRT,201754.13274222068
CAN,DZA,527972.4731131549
CAN,COL,568536.9170088302
CAN,TUR,967190.4577657622
CAN,VNM,805982.1309561966
CAN,LVA,396652.0833566653
CAN,THA,540484.1196575738
CAN,DEU,2757898.5857071965
CAN,ARE,1212169.7816208254
CAN,AUS,1455639.4011905435
CAN,CHE,1573646.4068566065
CAN,AUT,243418.0715934445
CAN,FRA,2569212.4474829203
CAN,UKR,200498.4003690345
CAN,ECU,238890.7294517695
CAN,MYS,537540.7084829754
CAN,ISR,338359.8082130089
CAN,NGA,334019.3504090635
CAN,ZAF,269222.2373877639
CAN,ITA,1742549.1849187035
CAN,PER,542159.0682709985
CAN,PAK,539103.6112538062
CAN,BGR,280336.99757637293
CAN,CHN,16924819.900299437
CAN,BGD,559670.9887190796
CAN,BRA,1308461.56465507
CAN,MEX,5978774.215350287
CAN,EGY,221744.10629807264
CAN,ARG,339667.07083991374
CAN,NZL,343009.69257284724
CAN,SWE,583211.2584431741
CAN,PHL,556291.8585237741
CAN,IRL,450286.6731342976
CAN,BEL,2629154.886632734
CAN,DNK,353789.81933917216
CAN,JPN,8275676.712608427
CAN,RUS,507089.2404279614
CAN,MAR,306088.3740450544
CAN,GBR,13488932.70624005
CAN,CHL,674233.7430484156
CAN,KOR,3896359.144122002
CAN,SAU,1101254.627989669
CAN,NLD,2384580.888387869
CAN,IDN,1323441.624778675
CAN,TTO,227373.10400585973
CAN,NOR,1508172.1943921756
THA,LAO,3948933.507020001
THA,POL,449815.23962000007
THA,SGP,8286580.840730002
THA,BEN,699993.4976300001
THA,USA,26632096.85042001
THA,FIN,201147.35476000005
THA,LKA,442383.9731400001
THA,AGO,185054.51517
THA,IND,6452170.258120004
THA,SEN,183843.57512
THA,ESP,976384.6691999992
THA,HUN,425357.5442099999
THA,IRQ,207981.561
THA,CIV,243614.90701
THA,GHA,186008.68719
THA,COL,213815.2372000001
THA,TUR,1254432.7764200005
THA,IRN,429660.96582
THA,KEN,226974.06803
THA,VNM,11582177.173550002
THA,CAN,1429970.3862400004
THA,DEU,5042308.51263
THA,ARE,2836782.878990001
THA,AUS,10503872.349049998
THA,CHE,4236113.206819999
THA,AUT,223777.42482000007
THA,CZE,700603.2836300001
THA,FRA,1815873.41004
THA,MMR,4309513.585079999
THA,KHM,5289658.51398
THA,ECU,225675.11983
THA,MYS,10342422.78044
THA,MOZ,199630.88744
THA,ISR,693862.7535100001
THA,QAT,306892.72867
THA,ZAF,2477621.674
THA,ITA,1650146.2554599992
THA,PER,354017.26700000005
THA,PAK,1403264.9518599997
THA,CHN,29478943.66504
THA,BGD,1256357.9871299986
THA,BRA,1317934.6000799998
THA,MEX,2981849.564560001
THA,EGY,680015.0849700001
THA,ARG,1107268.0156000005
THA,NZL,1643248.1939299996
THA,SWE,486535.63211
THA,CMR,291898.28640000004
THA,PHL,6943521.864100005
THA,IRL,349870.14205
THA,KWT,290923.7704099999
THA,BEL,1384891.3295599995
THA,DNK,393267.22534000006
THA,JPN,22064652.110089995
THA,RUS,1035239.02847
THA,GBR,4080194.1674800008
THA,CHL,750665.42892
THA,KOR,4645578.037829998
THA,SAU,1735627.2307400005
THA,NLD,4766708.09722
THA,IDN,8842852.57363
THA,NOR,489392.2451199999
THA,OMN,518194.5325600001
DEU,POL,62583626.01912118
DEU,SGP,7192567.1187088825
DEU,USA,124039275.16193096
DEU,FIN,11727528.463191168
DEU,LKA,629060.8006434416
DEU,AGO,183215.14752279097
DEU,GTM,328463.9924786538
DEU,IND,11617413.315111944
DEU,ESP,46677928.99108692
DEU,HUN,26931372.43951562
DEU,IRQ,738123.2839697318
DEU,PRT,9726290.018950272
DEU,CIV,243172.37624762143
DEU,GRC,5651521.848439995
DEU,DOM,250411.7180705228
DEU,DZA,2404836.067953756
DEU,SVN,5599496.1432633465
DEU,GHA,288261.89510604105
DEU,ETH,369144.34129751794
DEU,COL,1811396.3743348888
DEU,TUR,23487413.050909
DEU,IRN,3225025.075779666
DEU,KEN,342684.323663289
DEU,VNM,3812481.9545712313
DEU,LVA,1914912.576439038
DEU,CYP,651424.018784908
DEU,CAN,10763085.4281805
DEU,THA,5158802.702674983
DEU,PRY,183397.9361878429
DEU,ARE,12249183.117284454
DEU,AUS,10576406.491908096
DEU,MLT,687503.3594979323
DEU,CHE,61318186.229821324
DEU,EST,1883815.8353681955
DEU,AUT,66215658.49716536
DEU,LTU,3456308.718056772
DEU,CZE,44707924.70900723
DEU,FRA,114002288.16975744
DEU,UKR,5015506.859581417
DEU,ALB,302536.66467597225
DEU,BIH,958658.5317660308
DEU,HRV,3539749.451723908
DEU,SVK,13970733.47998086
DEU,TUN,1785422.467638081
DEU,PAN,447239.5775436228
DEU,ISL,685682.9424627506
DEU,KHM,284229.08257609134
DEU,ECU,478309.40366018494
DEU,MYS,5530225.138052603
DEU,BLR,1575736.2935593778
DEU,ISR,4874859.208654841
DEU,QAT,2007758.922633652
DEU,TKM,412893.3498490897
DEU,NGA,985554.6255210586
DEU,ZAF,10725815.07989461
DEU,MDA,412036.0895121964
DEU,BHR,506041.3202152565
DEU,UZB,625285.984503089
DEU,CRI,262832.0714042546
DEU,ITA,70102225.57839586
DEU,PER,950338.7752706168
DEU,LUX,6174438.057349623
DEU,PAK,1273940.872989339
DEU,BGR,3990938.2832931406
DEU,CHN,95507060.02518778
DEU,KAZ,1447062.664759118
DEU,BGD,749339.4956475785
DEU,BRA,9137847.436016925
DEU,MEX,14300890.79786033
DEU,EGY,3841433.314845288
DEU,LBY,328589.28910664306
DEU,ARG,3319511.0391618875
DEU,NZL,1470831.2072478838
DEU,SWE,29066110.63451869
DEU,PHL,2216625.8560301703
DEU,IRL,8505292.982811041
DEU,GEO,399415.2250650781
DEU,KWT,1486307.9696493752
DEU,BEL,47261887.13540852
DEU,DNK,19681894.25507753
DEU,URY,279659.33665276703
DEU,JPN,21656797.076865155
DEU,RUS,28873723.30980725
DEU,MAR,2336970.0276383134
DEU,JOR,832368.8370668312
DEU,GBR,92673725.31554104
DEU,CHL,2540031.7707079924
DEU,MKD,1168959.0926925326
DEU,KOR,19093773.41773994
DEU,SAU,7193535.714513101
DEU,NLD,85296614.05724181
DEU,IDN,2848392.8535756567
DEU,NOR,9973929.98238451
DEU,OMN,1031996.7092865478
DEU,LBN,903067.6633619668
DEU,AZE,398048.275317251
PRY,IND,266741.291
PRY,ESP,211326.3120000001
PRY,TUR,289461.438
PRY,DEU,184749.075
PRY,ITA,242533.847
PRY,BRA,2774747.776
PRY,ARG,1136651.893
PRY,URY,219146.553
PRY,RUS,599982.3080000001
PRY,CHL,629373.5020000001
ARE,POL,220385.66571287205
ARE,SGP,2340390.2334651067
ARE,USA,7449515.982265147
ARE,LKA,769443.5764879596
ARE,AGO,389462.6873693378
ARE,IND,14400660.443393996
ARE,SEN,443756.72254223184
ARE,ESP,347868.76838630403
ARE,IRQ,10654433.81576595
ARE,AFG,2174186.409900604
ARE,DZA,551053.576918372
ARE,GHA,400022.95474767993
ARE,ETH,627914.889526166
ARE,TZA,1145530.4620873744
ARE,TUR,5688516.099943304
ARE,IRN,14176476.781486496
ARE,KEN,1799796.439270257
ARE,VNM,453172.2310909421
ARE,CAN,294694.540382352
ARE,THA,1109158.6728617782
ARE,DEU,1537383.7954738112
ARE,AUS,566658.5404764022
ARE,CHE,3680987.9034028286
ARE,FRA,1060652.970416336
ARE,TUN,271262.550328
ARE,MYS,717543.2138799758
ARE,MOZ,375367.24713875214
ARE,KGZ,222950.487037718
ARE,QAT,1947123.8107605025
ARE,TKM,261266.799330636
ARE,NGA,596207.917487094
ARE,ZAF,869035.2104596802
ARE,BHR,2306980.9520405345
ARE,UZB,358397.90629768407
ARE,ITA,916835.145917702
ARE,PAK,2493743.4828839954
ARE,CHN,4936158.001227238
ARE,BGD,759887.250280268
ARE,EGY,2637946.484944738
ARE,LBY,448898.422642538
ARE,YEM,385886.59907606593
ARE,PHL,269050.067091982
ARE,KWT,4997845.06846603
ARE,BEL,4017279.5202894406
ARE,JPN,1818864.67971736
ARE,RUS,741651.86759444
ARE,MAR,366004.46886773
ARE,JOR,1415017.8507701722
ARE,GBR,3531557.325976939
ARE,KOR,1510551.7701733578
ARE,NPL,421020.4039029563
ARE,SAU,14532611.303269276
ARE,NLD,1731233.7982251835
ARE,IDN,381306.41494915215
ARE,OMN,7184591.951573827
ARE,LBN,1434643.9886757007
ARE,AZE,218269.9206385281
AUS,POL,332415.7260657241
AUS,SGP,3552226.928607909
AUS,USA,8212237.6816064995
AUS,LKA,211887.2569305055
AUS,IND,10755257.191967482
AUS,ESP,439682.2071916065
AUS,TUR,1118010.9330788949
AUS,VNM,3498023.4125212207
AUS,CAN,1085449.2772261251
AUS,THA,3047622.544673862
AUS,DEU,1525463.6660627413
AUS,ARE,1320974.9863741698
AUS,CHE,1091527.553051539
AUS,FRA,973485.3859413356
AUS,PNG,1197852.1320294968
AUS,ISL,186683.6873840909
AUS,MYS,3391433.105404252
AUS,MOZ,429441.9251272279
AUS,QAT,349179.89589201944
AUS,ZAF,1054277.240406709
AUS,ITA,554820.8729332321
AUS,PAK,536859.0331775994
AUS,CHN,67975152.98890644
AUS,BGD,911145.9531589336
AUS,BRA,1132519.1114322771
AUS,EGY,292473.94980734395
AUS,NZL,6477400.370529375
AUS,SWE,225297.77611736848
AUS,YEM,209102.789848596
AUS,PHL,1739082.773748342
AUS,FJI,301253.6572722074
AUS,KWT,426103.0129644316
AUS,BEL,884775.868460954
AUS,JPN,24003153.661741547
AUS,GBR,4523987.405141203
AUS,CHL,294781.5681241456
AUS,KOR,13141235.026118984
AUS,SAU,844496.134025593
AUS,NLD,2140930.5729573346
AUS,IDN,4872174.732112839
MLT,DEU,453561.3998603505
MLT,FRA,269629.15759236674
MLT,ITA,452877.0291793534
MLT,LBY,262440.914927792
CHE,POL,2167698.0737625263
CHE,SGP,7289251.997609125
CHE,USA,36247369.97831335
CHE,FIN,695087.6328384713
CHE,IND,19726044.220558792
CHE,ESP,5597493.331136929
CHE,HUN,1010357.157430659
CHE,IRQ,322770.4137674405
CHE,PRT,848346.5011118725
CHE,GRC,787137.6169576887
CHE,DZA,358189.3007080316
CHE,SVN,507480.5029603518
CHE,COL,478271.40505253634
CHE,TUR,5986889.790367843
CHE,IRN,530083.2506827558
CHE,VNM,589522.1454795904
CHE,CAN,3616910.017383645
CHE,THA,3592189.993511049
CHE,DEU,44712248.49251965
CHE,ARE,4078860.2166957706
CHE,AUS,2439311.0223376155
CHE,AUT,8117221.137444217
CHE,CZE,1665424.2088589233
CHE,FRA,16879202.703158066
CHE,UKR,303701.2812085812
CHE,HRV,221966.82170439124
CHE,SVK,548841.9768126869
CHE,TUN,241831.5139325124
CHE,PAN,230701.7391286771
CHE,MYS,2517464.3431582544
CHE,ISR,1089093.7831240268
CHE,QAT,686529.7096783054
CHE,ZAF,718161.1746805913
CHE,BHR,282585.18131059426
CHE,ITA,15642334.403070616
CHE,LUX,550521.4363779648
CHE,PAK,348895.9811620414
CHE,BGR,376423.8097618157
CHE,CHN,24222341.877544407
CHE,KAZ,182631.2502728832
CHE,BRA,2209880.130887776
CHE,MEX,1350527.1764499475
CHE,EGY,880446.874323488
CHE,ARG,775365.1102847317
CHE,NZL,212111.85935815584
CHE,SWE,1458840.6779661565
CHE,PHL,318914.5922865407
CHE,IRL,916865.270412077
CHE,KWT,471657.6808254807
CHE,BEL,6884699.437310976
CHE,DNK,972149.788981494
CHE,JPN,7504573.294595334
CHE,RUS,2180075.852051184
CHE,MAR,332262.4688643601
CHE,JOR,511143.7919816816
CHE,GBR,16846943.357957903
CHE,CHL,302028.4370554052
CHE,KOR,3259613.265151517
CHE,SAU,1854300.5259616608
CHE,NLD,5195043.2217225
CHE,IDN,432399.45914025867
CHE,NOR,642290.4817989169
CHE,OMN,335965.4117667029
CHE,LBN,570054.8248276311
EST,POL,299979.3311620678
EST,USA,512664.6815691378
EST,FIN,2103132.939773644
EST,TUR,196513.5504254592
EST,LVA,1181947.0837878536
EST,DEU,997774.088914014
EST,LTU,764535.5579438485
EST,FRA,279990.77508850675
EST,CHN,248267.59782839823
EST,SWE,1845111.936315897
EST,BEL,221322.4906876241
EST,DNK,386414.2843261694
EST,RUS,1574739.680981302
EST,GBR,302344.4716229308
EST,NLD,513403.3788929908
EST,NOR,573776.2260780217
AUT,POL,4573569.231279578
AUT,SGP,425180.4679548036
AUT,USA,9944055.296950236
AUT,FIN,632564.5353954724
AUT,IND,747121.3137455217
AUT,ESP,2488398.088486035
AUT,HUN,5212853.424186349
AUT,PRT,388223.5407966873
AUT,GRC,452905.609652255
AUT,DZA,285545.4940758155
AUT,SVN,3146043.350174119
AUT,TUR,1230743.687498866
AUT,IRN,318664.7874583994
AUT,VNM,254272.6316416538
AUT,CAN,1245251.1858080917
AUT,THA,262812.0900530768
AUT,DEU,46499583.71453257
AUT,ARE,670442.0834586141
AUT,AUS,1267028.7256983246
AUT,CHE,8214051.794885795
AUT,LTU,231289.19810562892
AUT,CZE,5653604.497528746
AUT,FRA,7556331.107179908
AUT,UKR,498994.8997350149
AUT,BIH,412984.528080184
AUT,HRV,1416305.711553129
AUT,SVK,3225768.841837852
AUT,MYS,558560.7074051875
AUT,ISR,405674.8920747133
AUT,ZAF,453440.5234267432
AUT,ITA,9650223.289831614
AUT,BGR,739814.0763755029
AUT,CHN,3692558.05161852
AUT,BRA,774653.9683358981
AUT,MEX,1098556.2801982146
AUT,EGY,282909.4050076935
AUT,SWE,1694494.0813846004
AUT,PHL,182548.3080046885
AUT,IRL,283716.3899935568
AUT,BEL,1897568.2300534355
AUT,DNK,760848.0754134224
AUT,JPN,1380055.0447607334
AUT,RUS,2370851.842438766
AUT,GBR,4035011.748852594
AUT,CHL,199212.76907991283
AUT,KOR,1309621.4162447574
AUT,SAU,400193.3516856552
AUT,NLD,2691961.629932928
AUT,IDN,207076.18496337967
AUT,NOR,534196.7078405172
LTU,POL,2364155.491999999
LTU,SGP,215995.056
LTU,USA,1550448.204
LTU,FIN,497695.5669999999
LTU,ESP,356381.068
LTU,HUN,200938.45000000004
LTU,TUR,441244.5139999999
LTU,LVA,2809556.7949399995
LTU,DEU,2124885.64399
LTU,EST,1411828.3829999997
LTU,CZE,334276.922
LTU,FRA,736242.1520000001
LTU,UKR,837834.318
LTU,BLR,1135931.72198
LTU,ITA,670518.1249999998
LTU,CHN,202222.43799
LTU,KAZ,472599.02799
LTU,SWE,1405747.2709999995
LTU,BEL,450215.091
LTU,DNK,732676.4299999998
LTU,RUS,4448768.262930002
LTU,GBR,1025775.0260000004
LTU,SAU,194936.164
LTU,NLD,1027041.875
LTU,NOR,845289.5200000001
MUS,USA,235424.2636831689
MUS,FRA,332715.0930205066
MUS,ZAF,187823.60371820445
MUS,GBR,249533.5950029817
MDG,USA,531311.7542059501
MDG,DEU,203348.46982416688
MDG,FRA,647271.2432566383
CZE,POL,10895248.834000008
CZE,SGP,316475.523
CZE,USA,3763336.759999997
CZE,FIN,1012677.225
CZE,IND,667250.5670000002
CZE,ESP,5214162.925000001
CZE,HUN,5432067.033999999
CZE,PRT,581586.6830000002
CZE,GRC,389456.694
CZE,SVN,853472.2399999999
CZE,TUR,2287336.6680000005
CZE,LVA,274057.404
CZE,CAN,306378.99900000007
CZE,DEU,59372231.86600003
CZE,ARE,837342.9540000003
CZE,AUS,430243.581
CZE,CHE,2565855.475999999
CZE,EST,293653.9440000001
CZE,AUT,8003439.482000004
CZE,LTU,680178.7860000002
CZE,FRA,9280116.696000002
CZE,UKR,1214565.742
CZE,HRV,587504.79
CZE,SVK,13850801.961
CZE,MYS,208532.39000000007
CZE,BLR,225588.137
CZE,ISR,1033427.7629999996
CZE,ZAF,505241.665
CZE,ITA,7393181.306000003
CZE,LUX,232452.26299999995
CZE,BGR,816956.3869999998
CZE,CHN,2414363.075
CZE,KAZ,217810.739
CZE,BRA,281684.33199999994
CZE,MEX,829238.222
CZE,EGY,262754.31600000005
CZE,SWE,2858717.816999998
CZE,IRL,658471.5959999998
CZE,BEL,4159947.773
CZE,DNK,1743597.1280000005
CZE,JPN,777530.0820000002
CZE,RUS,3539593.043000001
CZE,MAR,316829.8510000001
CZE,GBR,9017528.621
CZE,KOR,456179.8670000002
CZE,SAU,582093.2360000001
CZE,NLD,6336729.997
CZE,NOR,780607.076
FRA,POL,9984439.88302456
FRA,SGP,7583499.517421879
FRA,BEN,202693.8264198208
FRA,USA,37514155.77288216
FRA,FIN,2266912.441365224
FRA,AGO,333561.9106427883
FRA,IND,5870193.802147081
FRA,SEN,828465.283850923
FRA,MRT,202472.07305485304
FRA,ESP,39408509.50628733
FRA,HUN,3785136.013258397
FRA,IRQ,365073.61380808346
FRA,PRT,5326823.165340978
FRA,CIV,1307076.9808656354
FRA,GRC,2222027.495834517
FRA,DZA,5533690.472527871
FRA,SVN,1061273.957348816
FRA,GHA,249630.5364568104
FRA,ETH,938298.678039194
FRA,COL,546629.6050739406
FRA,TUR,7363370.176090344
FRA,IRN,1638271.995059738
FRA,KEN,188773.6746558721
FRA,VNM,1780305.1411058158
FRA,LVA,350982.7576681163
FRA,COG,368759.15719638055
FRA,CYP,234945.14575404965
FRA,CAN,3476235.063544617
FRA,THA,2557842.512434273
FRA,DEU,75311849.99614544
FRA,ARE,3795474.526975691
FRA,AUS,2854415.201352146
FRA,MLT,659038.545688722
FRA,CHE,17350135.55224902
FRA,EST,359441.6853862005
FRA,AUT,4217965.354422593
FRA,LTU,671239.5138561385
FRA,MUS,625896.1056605143
FRA,MDG,391729.67048278335
FRA,CZE,5055113.605671706
FRA,UKR,936087.7017311011
FRA,HRV,524715.3558252155
FRA,SVK,2998114.443073581
FRA,TUN,3630171.572725615
FRA,PAN,372641.07178506535
FRA,ISL,458221.8653270571
FRA,GIN,186299.6410732486
FRA,MYS,2106502.278319488
FRA,MLI,349851.7342883727
FRA,GAB,480816.07757474313
FRA,ISR,1692054.4736939117
FRA,QAT,2232536.076832113
FRA,NGA,1187822.1180277516
FRA,ZAF,1969201.1245846536
FRA,BHR,298903.7792315864
FRA,ITA,38786203.70272343
FRA,PER,261351.3829640421
FRA,LUX,2436087.84526598
FRA,PAK,587285.7396557585
FRA,BGR,915332.695587778
FRA,CHN,20832010.968789767
FRA,KAZ,356104.7372800274
FRA,BGD,209426.92509080595
FRA,BRA,4560316.169959821
FRA,MEX,3744268.423896146
FRA,EGY,2040758.755666108
FRA,ARG,1052365.8624634708
FRA,NZL,455720.5925136073
FRA,SWE,5504782.676715035
FRA,CMR,587214.3420102561
FRA,PHL,806630.266039927
FRA,IRL,2659469.984977368
FRA,GEO,202990.4057733924
FRA,KWT,472010.6578940922
FRA,BEL,35712639.14993861
FRA,DNK,3178638.454492867
FRA,JPN,6977436.201517492
FRA,RUS,6071747.090546648
FRA,MAR,4656752.321121765
FRA,JOR,284147.28909834207
FRA,GBR,34404161.59320524
FRA,CHL,1086524.8779511405
FRA,KOR,5496368.506100865
FRA,TGO,341079.2956072424
FRA,SAU,5050651.885405143
FRA,BFA,276761.71517173765
FRA,NLD,18551846.78169802
FRA,IDN,1918670.516926813
FRA,NOR,1780256.6246853126
FRA,OMN,329281.8903014173
FRA,LBN,815189.6605901318
MMR,SGP,681914.0465400001
MMR,USA,276532.9379
MMR,IND,707452.31265
MMR,THA,2656052.9005200006
MMR,DEU,359707.4039799999
MMR,MYS,187454.15461
MMR,CHN,5320192.00176
MMR,JPN,902633.19328
MMR,GBR,288582.36017000006
MMR,KOR,294695.94337
LSO,USA,305950.04772629053
LSO,ZAF,331104.7763217408
UKR,POL,2724752.1854200005
UKR,USA,819464.2668799999
UKR,IND,2196417.010570002
UKR,ESP,1260093.02305
UKR,HUN,1328033.3579699998
UKR,IRQ,479457.47370000015
UKR,PRT,264722.34846
UKR,GRC,195617.3725500001
UKR,DZA,535267.1223099997
UKR,TUR,2512917.2177200005
UKR,IRN,552654.4288600001
UKR,LVA,210220.97758
UKR,DEU,1756192.9177099993
UKR,ARE,383624.7603599999
UKR,CHE,226791.49388
UKR,AUT,535411.78572
UKR,LTU,366414.25351000007
UKR,CZE,714869.2282600002
UKR,FRA,424219.4136599999
UKR,SVK,656107.7148200001
UKR,TUN,289570.14953999995
UKR,BLR,1147828.3053900003
UKR,ISR,602358.6829599999
UKR,MDA,711635.5869699997
UKR,ITA,2473864.7636300004
UKR,BGR,417817.03276000015
UKR,CHN,1949249.94677
UKR,KAZ,368460.73053
UKR,BGD,372188.38222
UKR,EGY,1831539.34405
UKR,LBY,207049.48439
UKR,GEO,427746.2773199998
UKR,BEL,456285.11894
UKR,DNK,189576.88330000004
UKR,JPN,218009.08948
UKR,RUS,3939838.1041399976
UKR,MAR,221306.00587
UKR,GBR,478157.2112900004
UKR,KOR,308576.98593
UKR,SAU,511421.38125
UKR,NLD,1685149.8038099995
UKR,IDN,397305.6247400002
UKR,LBN,427085.71768000006
UKR,AZE,352455.5595500001
SLV,USA,2588302.27348
SLV,GTM,792088.9380599997
SLV,NIC,430817.2925099999
SLV,HND,796844.3150500001
SLV,CRI,261825.28251000005
ALB,ITA,853758.8689853073
UGA,KEN,513873.73939
UGA,ARE,444897.78493
BIH,SVN,560680.46144
BIH,TUR,248311.9865
BIH,DEU,919113.1611499998
BIH,AUT,517962.84771
BIH,HRV,739703.6179100004
BIH,ITA,696408.77123
SUR,CHE,461474.0428582802
HRV,POL,223076.533
HRV,USA,605925.3229999997
HRV,ESP,241402.746
HRV,HUN,523767.978
HRV,SVN,1688851.9909999997
HRV,DEU,1938982.009
HRV,AUT,984827.7599999998
HRV,CZE,277925.30600000016
HRV,FRA,409697.2060000002
HRV,BIH,1536672.7589999998
HRV,SVK,182448.053
HRV,ITA,2140584.8660000004
HRV,BEL,274748.801
HRV,RUS,200934.95000000004
HRV,GBR,225124.787
HRV,NLD,184474.52
SVK,POL,6455585.51334502
SVK,USA,2370809.515839726
SVK,FIN,241719.15707048823
SVK,ESP,2498491.8930714447
SVK,HUN,5483063.139093856
SVK,PRT,282652.9041739945
SVK,GRC,227595.6218816628
SVK,SVN,587682.8981121273
SVK,TUR,829322.4650068748
SVK,CAN,338294.5526964338
SVK,DEU,17244709.489080142
SVK,ARE,204392.137785188
SVK,AUS,204429.81804903504
SVK,CHE,1360571.701131319
SVK,AUT,5049761.939200453
SVK,LTU,195382.80998399665
SVK,CZE,9539963.678442048
SVK,FRA,5248965.742246691
SVK,UKR,657330.1309326758
SVK,HRV,496248.7561107166
SVK,ISR,353743.20768243825
SVK,ITA,5049941.583950087
SVK,BGR,542603.1848860962
SVK,CHN,1380459.8442159698
SVK,SWE,1206276.515152648
SVK,BEL,1103313.755297539
SVK,DNK,665249.7818092197
SVK,RUS,1693741.5028385718
SVK,GBR,3915750.818052342
SVK,NLD,2142665.879868756
SVK,NOR,218593.6931387609
TUN,USA,314639.7637455854
TUN,ESP,534946.4575606516
TUN,DZA,465998.8289244183
TUN,DEU,1646064.84484611
TUN,CHE,306138.73979884485
TUN,FRA,4334002.976464927
TUN,ITA,2315225.8890182488
TUN,LBY,388766.7554773328
TUN,BEL,247553.63452250508
TUN,MAR,184574.585791791
TUN,GBR,324999.45795684226
TUN,NLD,248985.49507824224
ISL,USA,332114.7847029661
ISL,ESP,654148.4577269043
ISL,DEU,367041.88070390007
ISL,FRA,304976.18361593696
ISL,GBR,451248.4428762056
ISL,NLD,1231702.474671867
ISL,NOR,250861.8484185925
KHM,USA,2408098.67372
KHM,ESP,454073.0007599999
KHM,VNM,325686.85013
KHM,CAN,688870.36732
KHM,THA,429907.40035000007
KHM,DEU,1005026.89737
KHM,FRA,421836.28032000014
KHM,ITA,236406.16941
KHM,CHN,753114.72504
KHM,BEL,393335.21488
KHM,JPN,850086.9703499998
KHM,GBR,1014068.58119
KHM,NLD,361642.03473
ECU,USA,5925305.96018
ECU,ESP,609548.11308
ECU,COL,787530.8141400003
ECU,VNM,1462159.21201
ECU,DEU,500595.6350199999
ECU,FRA,281983.00975
ECU,PAN,941437.16759
ECU,ITA,589610.68458
ECU,PER,1290571.0839299995
ECU,CHN,774915.87154
ECU,ARG,270134.7269400001
ECU,BEL,184034.45050000004
ECU,JPN,389475.5812
ECU,RUS,862959.11964
ECU,GBR,198073.10628
ECU,CHL,1234359.5874
ECU,NLD,460828.14908000006
MYS,POL,394401.93171495234
MYS,SGP,31018465.17041471
MYS,BEN,286898.3695387153
MYS,USA,20551220.918895584
MYS,LKA,567732.7123072714
MYS,AGO,222446.00596658268
MYS,IND,7953138.006153157
MYS,ESP,623849.8142999978
MYS,HUN,442044.8278995937
MYS,SVN,477531.5953055059
MYS,GHA,256773.6205587131
MYS,TZA,225866.3304896733
MYS,TUR,2407895.873038778
MYS,IRN,732658.7565277541
MYS,KEN,241303.0324096078
MYS,VNM,6398455.477831734
MYS,CAN,816749.1420243809
MYS,THA,11653450.278915515
MYS,DEU,6187503.436930989
MYS,ARE,2736805.6795080025
MYS,AUS,7510354.069272841
MYS,CHE,1215138.533308521
MYS,CZE,332695.4639968825
MYS,FRA,1371157.0096270682
MYS,MMR,959906.9496093006
MYS,PNG,330247.10656568763
MYS,KHM,286632.8901886245
MYS,MOZ,193063.862854944
MYS,NGA,381334.16460817854
MYS,ZAF,770840.3760802869
MYS,ITA,1062454.1150928244
MYS,PAK,1154568.9860607914
MYS,CHN,28969683.427512188
MYS,BGD,1509845.9389604295
MYS,BRA,847322.8596127521
MYS,MEX,2230360.357759997
MYS,EGY,474251.872865589
MYS,ARG,215795.00718423232
MYS,NZL,1045089.337011253
MYS,SWE,360113.69157462125
MYS,YEM,185558.11770314115
MYS,PHL,3819131.001829297
MYS,KWT,187907.9854430239
MYS,BEL,1124026.247925386
MYS,JPN,17484911.759159196
MYS,RUS,640523.447537021
MYS,GBR,2236808.650703473
MYS,KOR,6583009.060765878
MYS,BRN,524009.7149190676
MYS,SAU,959840.770032646
MYS,NLD,6175879.378143583
MYS,IDN,7700841.510269025
MYS,OMN,262895.3697284153
BLR,POL,1082241.4999999995
BLR,USA,224850.7000000002
BLR,IND,269505.00000000006
BLR,LVA,349150.9999999999
BLR,DEU,1102859.4
BLR,LTU,846585.4999999998
BLR,UKR,3355316.4
BLR,CHN,358799.60000000003
BLR,KAZ,577914.8999999999
BLR,BRA,439864.0999999999
BLR,RUS,12458537.7
BLR,GBR,2381738.9
BLR,NLD,1102101.3000000005
MLI,CHE,407787.84191484
MLI,ZAF,780215.2664909579
MOZ,IND,1621695.7345899995
MOZ,ZAF,854553.1192300001
MOZ,ITA,269905.38805
MOZ,CHN,241802.14547
MOZ,GBR,210435.08601000003
MOZ,NLD,472027.40909
KGZ,CHE,489262.64100000006
KGZ,KAZ,264964.5069999999
KGZ,RUS,265166.27300000004
KGZ,GBR,191165.889
ISR,POL,246808.0
ISR,SGP,475827.0
ISR,USA,17042863.0
ISR,IND,1934172.0
ISR,ESP,793442.0
ISR,GRC,322736.0
ISR,SVN,374040.0
ISR,TUR,934365.0
ISR,CAN,663410.0
ISR,THA,365458.0
ISR,DEU,1637488.0
ISR,AUS,555632.0
ISR,CHE,1456164.0
ISR,FRA,1760548.0
ISR,ZAF,287095.0
ISR,ITA,913023.0
ISR,CHN,3307509.0
ISR,BRA,905052.0
ISR,MEX,365383.0
ISR,BEL,2704760.0
ISR,JPN,820448.0
ISR,RUS,777959.0
ISR,GBR,5168077.0
ISR,KOR,885848.0
ISR,NLD,2300047.0
ISR,AZE,199629.0
QAT,POL,544708.2182720061
QAT,SGP,5942657.128707808
QAT,IND,7452207.116181042
QAT,ESP,667835.3400760798
QAT,TUR,267376.557040758
QAT,THA,1997158.660484942
QAT,ARE,1842672.9273005093
QAT,MYS,429899.1210647348
QAT,ITA,1241934.3015012746
QAT,PAK,1361542.198972923
QAT,CHN,6282680.473862688
QAT,EGY,1171031.9074092293
QAT,ARG,260191.32203643976
QAT,KWT,445459.57711964776
QAT,BEL,560563.0670352735
QAT,JPN,11407659.742034884
QAT,GBR,1378979.8756863226
QAT,KOR,10380190.516367786
QAT,NLD,481045.30877289176
QAT,OMN,236211.367711473
NGA,SGP,295533.2479177854
NGA,USA,5667646.5722877
NGA,IND,7937012.850969024
NGA,SEN,380999.6646169302
NGA,ESP,4400551.7492227685
NGA,PRT,496533.7787397407
NGA,CIV,680967.4329561242
NGA,GHA,237680.2123699214
NGA,TUR,446112.1832840736
NGA,CAN,1538816.687268354
NGA,THA,340457.3305446877
NGA,DEU,670814.1506975745
NGA,ARE,199987.2213334649
NGA,AUS,381367.3760311903
NGA,FRA,3408060.85435905
NGA,MYS,207392.1160345149
NGA,ZAF,1982411.6944122773
NGA,ITA,1039308.012415469
NGA,CHN,690161.472076713
NGA,BRA,623753.3107228596
NGA,EGY,223504.48880924247
NGA,ARG,368046.050025861
NGA,SWE,956370.5225190652
NGA,CMR,378308.87769584113
NGA,URY,242778.156737059
NGA,JPN,502794.2676801634
NGA,JOR,184103.6040531532
NGA,GBR,1199059.9569007503
NGA,KOR,227528.397774714
NGA,TGO,1040625.9137472558
NGA,NLD,3737512.5836244617
NGA,IDN,1469774.0774154742
ZAF,SGP,499080.1712322341
ZAF,USA,6564021.885327917
ZAF,BWA,3834669.01175624
ZAF,LKA,208816.4076840943
ZAF,ZMB,2245916.302692487
ZAF,AGO,579863.7994102224
ZAF,IND,4104426.089178043
ZAF,ESP,1247840.402707728
ZAF,GHA,352535.8509372784
ZAF,TZA,450796.1237681814
ZAF,TUR,455583.1783201434
ZAF,KEN,711720.619145676
ZAF,VNM,242062.6687401662
ZAF,CAN,359554.6966398192
ZAF,THA,615601.3615088017
ZAF,DEU,5787843.80096294
ZAF,ARE,1758242.7680645897
ZAF,AUS,901722.2367497364
ZAF,CHE,851343.7268015554
ZAF,MUS,404241.8957478602
ZAF,MDG,199517.92480884705
ZAF,CZE,186524.3492871084
ZAF,FRA,822696.9460380409
ZAF,LSO,1344610.778048767
ZAF,MYS,679140.252355127
ZAF,MOZ,2833710.2598885307
ZAF,ISR,372993.0913276021
ZAF,NGA,429206.2590753487
ZAF,ZWE,2086143.9299690784
ZAF,ITA,1070122.7782277344
ZAF,PAK,841928.0451430309
ZAF,CHN,8671513.22725736
ZAF,BRA,405145.6894310904
ZAF,SWZ,1284591.258874926
ZAF,BEL,2459564.610511337
ZAF,MWI,408556.28281125816
ZAF,JPN,4143888.238197496
ZAF,RUS,354540.6134736099
ZAF,NAM,3566510.397466962
ZAF,GBR,3473106.0813540835
ZAF,KOR,1976548.331578372
ZAF,SAU,330144.85618139984
ZAF,NLD,2775036.2364788223
ZAF,IDN,426378.5429767887
ARM,CHE,246439.80913
ARM,BGR,281676.80161000014
ARM,RUS,540434.32722
MDA,ITA,236025.91200000013
MDA,RUS,254537.74500000005
BHR,USA,946634.487045006
BHR,IND,218231.0331850781
BHR,TUR,251354.6923776627
BHR,ARE,824313.1566143364
BHR,QAT,308681.01636183035
BHR,CHN,323035.0576725321
BHR,KWT,206475.28086030704
BHR,SAU,1834090.9204508008
BHR,OMN,489026.6779550775
UZB,AFG,508241.4245800001
UZB,TUR,833514.4848900002
UZB,IRN,258295.5674
UZB,CHN,1313427.5520399995
UZB,KAZ,977255.71908
UZB,RUS,1453672.2779900003
ZWE,ARE,223252.37447000004
ZWE,MOZ,364883.69615
ZWE,ZAF,2180509.1651800014
CRI,USA,4613160.179294675
CRI,GTM,548232.3593006814
CRI,DOM,223984.41239411183
CRI,NIC,554771.481199642
CRI,HND,377683.5794350717
CRI,SLV,293298.65867846383
CRI,PAN,570683.3046278339
CRI,MEX,292052.93574931595
CRI,BEL,728923.0662384046
CRI,JPN,183218.5233607641
CRI,GBR,218780.3108227955
CRI,NLD,633855.8148843651
ITA,POL,14111838.618913423
ITA,SGP,2360931.3555205925
ITA,USA,45550104.19448991
ITA,FIN,1782468.125642639
ITA,LKA,286806.7844008029
ITA,AGO,316726.4250914202
ITA,IND,3964967.963631458
ITA,SEN,242391.92138520937
ITA,ESP,25932903.97623008
ITA,HUN,5292942.870536522
ITA,IRQ,640303.8341546793
ITA,PRT,4466470.5798547445
ITA,GRC,4532041.29129984
ITA,DOM,338669.95894910424
ITA,DZA,3438051.6530017853
ITA,SVN,4704863.778233559
ITA,GHA,257181.40565630427
ITA,ETH,312219.5060198818
ITA,COL,661839.528346419
ITA,TUR,11294022.37644765
ITA,IRN,1960425.833615276
ITA,KEN,200480.94736608188
ITA,VNM,1320785.29239532
ITA,LVA,540514.2750691267
ITA,CYP,751187.3500506232
ITA,CAN,4428164.250557478
ITA,THA,1584830.8400733722
ITA,DEU,62668140.793330565
ITA,ARE,5997051.395915378
ITA,AUS,4364866.495633231
ITA,MLT,1889918.2977694029
ITA,CHE,23265423.55178025
ITA,EST,506937.8862194549
ITA,AUT,10610622.783384291
ITA,LTU,958581.013273388
ITA,CZE,6602168.985562432
ITA,FRA,51624157.84071247
ITA,UKR,1561838.596305942
ITA,ALB,1531347.4470271931
ITA,BIH,777475.3610576759
ITA,HRV,3367931.923730418
ITA,SVK,3208121.33812296
ITA,TUN,3601706.2793952394
ITA,PAN,268303.4896908471
ITA,ECU,259091.3825808993
ITA,MYS,1415689.3113874453
ITA,BLR,412061.4724680486
ITA,ISR,2931796.126800196
ITA,QAT,1042857.0620417724
ITA,NGA,547967.6087151649
ITA,ZAF,2074906.19385728
ITA,MDA,263282.4779491104
ITA,BHR,273649.99312775966
ITA,UZB,189562.0911410209
ITA,PER,733924.4179077984
ITA,LUX,582967.36729752
ITA,PAK,838241.168681196
ITA,BGR,2404482.374369366
ITA,CHN,15188610.670967074
ITA,KAZ,707180.8938777775
ITA,BGD,762082.4899245226
ITA,BRA,4247747.10578789
ITA,MEX,4752278.344456998
ITA,EGY,3282068.3346607466
ITA,LBY,1230391.5153173197
ITA,ARG,1507839.4553823606
ITA,NZL,605149.4645314807
ITA,SWE,5098054.902213018
ITA,PHL,743573.0387476295
ITA,IRL,2606865.1966184964
ITA,GEO,199529.65854610145
ITA,KWT,1302178.1082944036
ITA,BEL,14961864.144323546
ITA,DNK,3282999.7530854205
ITA,URY,253126.4225524343
ITA,JPN,7375805.708701597
ITA,RUS,8953728.830175264
ITA,MAR,2110526.4980947515
ITA,JOR,789453.9283887695
ITA,GBR,25774149.05579215
ITA,CHL,1081366.6417452088
ITA,MKD,289846.11654566746
ITA,KOR,4838259.164000687
ITA,SAU,4381925.219270425
ITA,NLD,11713106.308964532
ITA,IDN,1268023.769671427
ITA,NOR,1888256.5601217733
ITA,OMN,736486.3543995545
ITA,LBN,1700375.903029212
ITA,AZE,285079.728774355
PER,USA,6939614.7326
PER,IND,1964211.56143
PER,ESP,1852095.66419
PER,COL,673260.2290899997
PER,CAN,1202168.30257
PER,DEU,933543.63849
PER,ARE,602478.7153100001
PER,AUS,240261.08585
PER,CHE,2349378.6668
PER,FRA,248966.72678000008
PER,PAN,930862.3038799998
PER,ECU,812345.1016099999
PER,ITA,563669.51794
PER,BGR,291988.22317
PER,CHN,11626199.186330004
PER,BRA,1591478.8857999998
PER,MEX,417525.23903
PER,PHL,348620.1160799999
PER,BEL,514434.94144
PER,JPN,1880077.51316
PER,BOL,625176.39648
PER,GBR,729336.2485199999
PER,CHL,1039809.3999399998
PER,KOR,2136855.75933
PER,NLD,1080802.3418799995
LUX,POL,330990.2487688006
LUX,USA,411930.6037269388
LUX,ESP,328577.78031194326
LUX,DEU,3720045.675950444
LUX,CHE,350990.49281998945
LUX,AUT,253964.27006014087
LUX,FRA,2033161.3921183315
LUX,ITA,540369.8681517647
LUX,CHN,223990.1424323548
LUX,SWE,197903.1619663248
LUX,BEL,1595042.6200671422
LUX,GBR,475664.16277913714
LUX,NLD,779379.4856676804
PAK,POL,203028.2345797888
PAK,USA,3560290.918041312
PAK,LKA,268917.1195223916
PAK,IND,334751.6503534736
PAK,ESP,904570.8500556316
PAK,PRT,182305.07429935315
PAK,AFG,1390075.8629968856
PAK,TUR,327346.23452534125
PAK,KEN,319407.887510546
PAK,VNM,281202.20130295795
PAK,CAN,244886.7996627624
PAK,DEU,1286469.3510149738
PAK,ARE,869035.5694526269
PAK,AUS,237302.9538835176
PAK,FRA,399813.6232281931
PAK,ITA,703342.2295082769
PAK,CHN,1508057.9927293346
PAK,BGD,646403.697862541
PAK,BEL,700690.308128335
PAK,JPN,216326.49001724808
PAK,GBR,1634687.2732837026
PAK,KOR,463308.9641050776
PAK,SAU,334465.5939249145
PAK,NLD,758214.8004972266
BGR,POL,701256.4916278608
BGR,SGP,272781.9475410603
BGR,USA,459473.5612776887
BGR,ESP,875320.9237287511
BGR,HUN,516217.983766891
BGR,GRC,1815659.2468685447
BGR,SVN,232599.490651296
BGR,TUR,2807687.064889532
BGR,DEU,3985304.0738980975
BGR,ARE,185885.81463557537
BGR,CHE,186780.3379799544
BGR,AUT,544174.8431589
BGR,CZE,612385.3051206047
BGR,FRA,1207951.551643061
BGR,SVK,233210.38941237592
BGR,ITA,2449956.1699292827
BGR,CHN,768753.9878410874
BGR,EGY,536615.0981345444
BGR,SWE,244394.08297398724
BGR,GEO,203095.5279048362
BGR,BEL,1261486.657977402
BGR,RUS,837251.9769405673
BGR,GBR,718301.3365797765
BGR,MKD,458972.277721308
BGR,NLD,734308.2137079432
CHN,LAO,1349687.8780000005
CHN,POL,17852962.232999984
CHN,SGP,44922930.542999975
CHN,BEN,1926424.522
CHN,USA,429002053.1889999
CHN,FIN,2836039.611
CHN,BWA,232409.557
CHN,GUY,188510.225
CHN,LKA,4084801.266000001
CHN,ZMB,708730.0000000003
CHN,AGO,2256920.6780000003
CHN,GTM,1957749.1580000008
CHN,IND,67996012.72900003
CHN,GMB,398599.9160000001
CHN,SEN,2040452.6049999988
CHN,MRT,859088.1930000004
CHN,ESP,22859161.98
CHN,HUN,6042156.652999999
CHN,IRQ,8329032.175999998
CHN,PRT,3439247.540000001
CHN,HTI,532280.1550000004
CHN,CIV,1692220.0680000002
CHN,GRC,4747777.193000003
CHN,DOM,1702140.8720000004
CHN,NIC,623854.2219999994
CHN,AFG,540019.109
CHN,DZA,6784298.288000001
CHN,SVN,2884607.0590000004
CHN,GHA,4824059.649
CHN,ETH,2664095.9440000006
CHN,TZA,3119092.906000001
CHN,COL,7430302.469999997
CHN,TUR,18111658.237
CHN,IRN,18582230.662
CHN,KEN,5033767.936000002
CHN,VNM,70900321.35899997
CHN,LVA,1145572.655
CHN,HND,844393.3150000002
CHN,COG,497748.155
CHN,CYP,523216.36300000007
CHN,CAN,31291898.222000003
CHN,THA,38509701.84299999
CHN,DEU,71013176.52900003
CHN,PRY,1559865.0370000002
CHN,ARE,28703736.73100001
CHN,AUS,41293095.99000002
CHN,MLT,2094940.9550000003
CHN,CHE,3182710.608000002
CHN,EST,1004733.46
CHN,AUT,2518877.9680000003
CHN,LTU,1597732.65
CHN,MUS,761023.4550000004
CHN,MDG,1007153.6820000004
CHN,CZE,8781655.963
CHN,FRA,27863549.279000003
CHN,MMR,8621157.729999997
CHN,UKR,5031910.26
CHN,BHS,278370.536
CHN,SLV,771924.6200000003
CHN,ALB,453595.94
CHN,UGA,776996.6429999999
CHN,HRV,1158341.8749999995
CHN,SVK,2726308.409999999
CHN,PNG,774562.1519999998
CHN,TUN,1327297.5399999998
CHN,PAN,6625442.345999999
CHN,KHM,4779343.8709999975
CHN,ECU,2960682.064
CHN,GIN,1239823.751
CHN,MYS,41562712.375000015
CHN,BLR,931735.8160000005
CHN,MLI,337140.961
CHN,MOZ,1306445.819
CHN,GAB,446105.673
CHN,KGZ,5336703.129999999
CHN,ISR,8894891.25700001
CHN,LBR,2103503.0600000005
CHN,QAT,1680216.7099999995
CHN,TKM,368067.27700000006
CHN,NGA,12151620.702
CHN,ZAF,14798034.060999995
CHN,BHR,901541.2470000002
CHN,UZB,2748992.5219999994
CHN,ZWE,443327.3410000001
CHN,CRI,1493488.2710000004
CHN,ITA,29130849.262
CHN,PER,6954117.0200000005
CHN,LUX,700022.5379999997
CHN,PAK,18246951.81300001
CHN,BGR,1166222.6440000006
CHN,KAZ,11561214.84
CHN,BGD,15164438.516000004
CHN,BRA,28926885.22100001
CHN,MEX,35877753.848
CHN,EGY,9482329.899
CHN,LBY,1027680.464
CHN,ARG,9058960.164000005
CHN,NZL,5081398.226999999
CHN,SWE,6998384.812000002
CHN,MNG,1233427.746
CHN,CMR,1388282.3599999992
CHN,YEM,1642906.3009999995
CHN,PHL,32049410.41799999
CHN,IRL,2905786.156000001
CHN,GEO,912092.0510000004
CHN,MDV,294994.75999999995
CHN,FJI,364859.4930000001
CHN,SLE,242292.943
CHN,KWT,3110501.3110000016
CHN,BEL,15712368.657999998
CHN,DNK,6490509.660000003
CHN,MWI,261843.275
CHN,URY,2150339.981
CHN,JPN,136824826.68300006
CHN,BOL,727583.046
CHN,RUS,42745305.95199999
CHN,MAR,3174891.0929999994
CHN,JOR,2802316.072
CHN,NAM,271124.59600000014
CHN,GBR,56537650.74
CHN,CHL,14391847.855000006
CHN,TJK,1301353.1870000002
CHN,KOR,102622829.646
CHN,NPL,964342.2889999998
CHN,BRN,637221.2030000001
CHN,TGO,1886265.1030000004
CHN,JAM,516181.40200000006
CHN,SAU,18362612.059
CHN,BFA,182865.13500000004
CHN,NLD,67080192.41699999
CHN,IDN,34733407.113000005
CHN,TTO,429090.382
CHN,NOR,2472894.726
CHN,OMN,2315304.6340000005
CHN,LBN,2009385.3190000008
CHN,AZE,386595.288
KAZ,POL,574275.91606
KAZ,USA,390434.8159499998
KAZ,IND,732893.09391
KAZ,ESP,1444300.9783100004
KAZ,PRT,595638.6226700001
KAZ,GRC,963962.93915
KAZ,AFG,562543.22398
KAZ,TUR,1150557.30855
KAZ,IRN,483948.4850500001
KAZ,VNM,277725.03418
KAZ,CAN,217105.16483999995
KAZ,DEU,418020.4254100001
KAZ,ARE,556178.2919
KAZ,MLT,216753.21954
KAZ,CHE,3100688.4995500003
KAZ,LTU,554362.3576199998
KAZ,FRA,2860679.5824400005
KAZ,UKR,1138146.7300099998
KAZ,HRV,304087.29482
KAZ,KGZ,516425.3881400001
KAZ,UZB,1249166.3308199998
KAZ,ITA,8667339.56637
KAZ,BGR,203950.53219
KAZ,CHN,5797974.613540002
KAZ,SWE,190803.92948
KAZ,JPN,886456.3127800002
KAZ,RUS,4638402.90249
KAZ,GBR,926743.61259
KAZ,TJK,458240.20103
KAZ,KOR,1128134.0695099998
KAZ,NLD,4747900.2833
BRA,POL,595491.9539999999
BRA,SGP,2732158.4229999995
BRA,USA,27052550.877
BRA,FIN,290073.8509999999
BRA,AGO,669788.6130000005
BRA,GTM,266539.1740000002
BRA,IND,4656773.496000001
BRA,ESP,3812356.999
BRA,IRQ,810664.414
BRA,PRT,1390196.357
BRA,DOM,588230.655
BRA,DZA,1186009.6579999998
BRA,SVN,399869.92999999993
BRA,GHA,212431.299
BRA,COL,2506687.0930000003
BRA,TUR,1801986.91
BRA,IRN,2559559.833
BRA,VNM,1732472.969
BRA,CAN,2704794.418000001
BRA,THA,1788407.7839999998
BRA,DEU,4902949.981999996
BRA,PRY,2643062.73
BRA,ARE,2463571.323
BRA,AUS,464276.628
BRA,CHE,791398.8770000002
BRA,FRA,2244856.0829999987
BRA,BHS,255612.158
BRA,TUN,286596.177
BRA,PAN,613597.6589999998
BRA,ISL,234064.129
BRA,ECU,835918.4630000001
BRA,MYS,2489322.436999999
BRA,ISR,465761.28700000007
BRA,QAT,420224.17
BRA,NGA,736980.3230000001
BRA,ZAF,1499298.4789999994
BRA,LCA,446867.31000000006
BRA,BHR,339398.336
BRA,CRI,276954.20699999994
BRA,ITA,3535466.567000002
BRA,PER,2242173.006
BRA,PAK,605228.8530000001
BRA,CHN,47476479.57699999
BRA,BGD,1600077.989
BRA,MEX,4512485.632000001
BRA,EGY,2417860.14
BRA,ARG,17587890.881000005
BRA,SWE,466098.381
BRA,YEM,403724.936
BRA,PHL,443076.93500000006
BRA,IRL,323997.10799999995
BRA,GEO,194129.886
BRA,KWT,222496.743
BRA,BEL,3174000.18
BRA,DNK,317510.72400000005
BRA,URY,2347330.0359999994
BRA,JPN,5261815.359
BRA,BOL,1504562.168
BRA,RUS,2735745.3840000005
BRA,MAR,612243.2869999999
BRA,JOR,223557.279
BRA,GBR,2825355.281000002
BRA,CHL,5025764.788999998
BRA,KOR,3075842.4450000017
BRA,SAU,2656443.5100000007
BRA,NLD,9230491.939
BRA,IDN,1771894.318
BRA,TTO,205110.659
BRA,NOR,773317.9500000003
BRA,OMN,695075.842
BRA,LBN,263447.87000000005
MEX,SGP,728672.419
MEX,USA,316372508.4789998
MEX,GTM,1353837.0610000005
MEX,IND,3179547.03
MEX,ESP,3847183.326
MEX,DOM,562858.0219999998
MEX,NIC,693190.9169999999
MEX,COL,2626904.7330000005
MEX,HND,474438.795
MEX,CAN,7804928.536
MEX,THA,442107.075
MEX,DEU,6258096.604000004
MEX,ARE,202708.04700000005
MEX,AUS,729935.621
MEX,FRA,1388521.6949999998
MEX,SLV,488059.9820000002
MEX,PAN,781006.2699999999
MEX,ECU,358919.683
MEX,MYS,656701.0110000002
MEX,CRI,704425.8640000002
MEX,ITA,483546.63100000005
MEX,PER,1074004.27
MEX,CHN,5996713.404999998
MEX,BRA,2754190.881
MEX,ARG,1071153.123
MEX,IRL,262572.48600000003
MEX,BEL,997803.343
MEX,JPN,3474865.465
MEX,GBR,919042.8700000003
MEX,CHL,1428979.8150000002
MEX,KOR,3147243.1910000006
MEX,NLD,1656358.3450000002
MEX,IDN,190368.36700000003
EGY,USA,1372482.472734184
EGY,IND,899096.6310143609
EGY,ESP,813113.1657333163
EGY,IRQ,525094.702328236
EGY,GRC,286297.3898874702
EGY,DZA,388706.8184104924
EGY,TUR,1927053.213363908
EGY,KEN,279261.7425556043
EGY,CYP,200525.32153208365
EGY,DEU,586895.5039365387
EGY,ARE,2753295.629737249
EGY,MLT,291448.62419837207
EGY,CHE,353554.55422195105
EGY,FRA,596734.3976160353
EGY,TUN,431356.8315854026
EGY,QAT,294249.35474397166
EGY,ITA,2169611.9616822624
EGY,CHN,696237.416522433
EGY,LBY,433582.64013855474
EGY,YEM,262377.9662605574
EGY,KWT,346006.96616363287
EGY,BEL,306605.9680239512
EGY,RUS,398496.3417459743
EGY,MAR,394250.64816627774
EGY,JOR,513640.7661474898
EGY,GBR,1095800.1577273312
EGY,SAU,1565114.1728127738
EGY,NLD,441742.2886605133
EGY,LBN,668449.6226332864
ARG,POL,572618.3707999999
ARG,USA,4516720.305460003
ARG,IND,2080960.78206
ARG,ESP,1503535.7687999995
ARG,IRQ,194546.55527
ARG,DZA,1471420.0230500002
ARG,COL,557585.5483100001
ARG,TUR,476620.76822
ARG,IRN,446983.3165699999
ARG,VNM,2271592.94828
ARG,CAN,1331949.8391500006
ARG,THA,526236.6150999998
ARG,DEU,1164744.5609600004
ARG,PRY,1139086.2209500005
ARG,ARE,217833.63194000005
ARG,AUS,623317.1510200001
ARG,CHE,1261274.8354600004
ARG,FRA,297204.9799
ARG,ECU,378426.8876199999
ARG,MYS,867056.7459199998
ARG,ISR,201569.34725
ARG,ZAF,512571.1933099998
ARG,ITA,1039806.0719999996
ARG,PER,1072614.1683800002
ARG,CHN,4324856.301120001
ARG,BGD,583529.4011499999
ARG,BRA,9307119.465410003
ARG,MEX,645679.12691
ARG,EGY,1262126.4682099998
ARG,PHL,254959.51654
ARG,IRL,277178.80912
ARG,BEL,404944.63098
ARG,DNK,224855.61111000003
ARG,URY,1202420.6291000005
ARG,JPN,636670.8520600001
ARG,BOL,612314.7656699998
ARG,RUS,510785.08921000006
ARG,MAR,509042.1413
ARG,JOR,247322.38330000004
ARG,GBR,779590.4100200002
ARG,CHL,2620400.1231
ARG,KOR,506172.04494
ARG,SAU,706636.5929300002
ARG,NLD,1391510.1167100002
ARG,IDN,1073460.99341
NZL,SGP,779648.4229623773
NZL,USA,3777123.6075513046
NZL,LKA,284877.80414354947
NZL,IND,376532.8655338942
NZL,DZA,379946.2457564751
NZL,VNM,513378.884958004
NZL,CAN,480520.88612072816
NZL,THA,625313.7886561552
NZL,DEU,506479.26979975664
NZL,ARE,620477.631191777
NZL,AUS,6220294.497146379
NZL,FRA,245828.49082639485
NZL,MYS,717009.3621202187
NZL,ITA,254085.0797710205
NZL,CHN,8054839.741872434
NZL,BGD,218987.16430987912
NZL,MEX,255371.0468531432
NZL,EGY,200654.15848252253
NZL,PHL,499936.6795822132
NZL,FJI,348599.85424661526
NZL,JPN,2227166.048751167
NZL,GBR,1022109.8715179188
NZL,KOR,1056120.9902378
NZL,SAU,408235.7076321171
NZL,NLD,620062.1593333023
NZL,IDN,683144.1075963597
SWE,POL,4448328.451852781
SWE,SGP,730955.8089347393
SWE,USA,10071644.644851685
SWE,FIN,10140856.64095588
SWE,IND,1153165.3908379597
SWE,ESP,2859953.04218866
SWE,HUN,679253.3474933396
SWE,PRT,748291.0919709598
SWE,GRC,430622.1738818201
SWE,DZA,238940.34576020009
SWE,SVN,189055.5151055401
SWE,TUR,1576416.1467170794
SWE,IRN,503607.23916734
SWE,VNM,242506.23479640007
SWE,LVA,392672.9351395203
SWE,CAN,1172809.4200388594
SWE,THA,513948.20018898
SWE,DEU,15786900.308381096
SWE,ARE,721772.7364956401
SWE,AUS,1666845.7099117
SWE,CHE,1638967.5589590203
SWE,EST,1210618.8590565391
SWE,AUT,1321888.3074367598
SWE,LTU,933124.4913362998
SWE,CZE,1230491.2785871
SWE,FRA,6181954.252013663
SWE,UKR,380939.01575530006
SWE,SVK,398861.3873249199
SWE,ISL,373029.1403053
SWE,MYS,313691.4811628601
SWE,ISR,337724.72954680014
SWE,QAT,230338.38550416005
SWE,ZAF,734398.6554639401
SWE,ITA,3983319.2955813208
SWE,PER,195696.29498334005
SWE,PAK,245954.58894258004
SWE,CHN,6813786.548575838
SWE,BRA,831823.1265898396
SWE,MEX,716865.4497664601
SWE,EGY,728437.6561414801
SWE,ARG,279272.74208808
SWE,IRL,589763.9462355396
SWE,BEL,6425095.386146183
SWE,DNK,10018190.52684396
SWE,JPN,2246999.2160671595
SWE,RUS,2135082.7984668
SWE,MAR,461092.6546819802
SWE,GBR,9001571.265190903
SWE,CHL,303647.1111747601
SWE,KOR,1395431.04823734
SWE,SAU,1072962.0661751195
SWE,NLD,8149023.327455342
SWE,IDN,389235.9477773197
SWE,NOR,15417519.08545
MNG,CHN,5268938.0711
MNG,GBR,660535.69522
CMR,IND,449331.7233711
CMR,ESP,589996.9407897
CMR,PRT,225517.9334844
CMR,VNM,199956.38574255
CMR,FRA,686179.8973273502
CMR,ITA,906215.23612575
CMR,CHN,788909.5485419999
CMR,BEL,350489.0533551
CMR,NLD,625151.3019378
PHL,SGP,3973555.967
PHL,USA,9666678.917
PHL,IND,576562.0159999998
PHL,ESP,252511.974
PHL,PRT,503257.954
PHL,VNM,907213.057
PHL,CAN,538611.4650000001
PHL,THA,2740793.582
PHL,DEU,2675602.3490000004
PHL,ARE,658034.3900000001
PHL,AUS,453188.67300000007
PHL,MLT,686067.2549999999
PHL,CHE,371356.6650000001
PHL,CZE,191989.681
PHL,FRA,808213.6410000001
PHL,MYS,1713739.276
PHL,ITA,317213.82800000004
PHL,CHN,8017052.109
PHL,MEX,626535.9189999999
PHL,BEL,357459.728
PHL,JPN,10853157.509999998
PHL,GBR,522182.1230000001
PHL,KOR,4333434.204
PHL,NLD,2517552.849
PHL,IDN,724199.704
IRL,POL,1486583.434263277
IRL,SGP,771457.8979308855
IRL,USA,37391063.81949454
IRL,FIN,378487.7522727342
IRL,IND,397838.5746727494
IRL,ESP,2911604.615770404
IRL,HUN,322292.7907260497
IRL,PRT,510709.1095096529
IRL,GRC,368020.7601390458
IRL,TUR,597423.5082936834
IRL,CAN,1227289.8754031528
IRL,THA,185722.2882912336
IRL,DEU,11325125.26483076
IRL,ARE,450952.5821875837
IRL,AUS,1000193.425223503
IRL,CHE,6998813.723982998
IRL,AUT,410879.7908263009
IRL,CZE,460970.308781376
IRL,FRA,5967408.839515853
IRL,MYS,262423.98560882977
IRL,ISR,305077.09536528547
IRL,NGA,314526.54089721467
IRL,ZAF,273554.3937042952
IRL,ITA,2931405.228757254
IRL,CHN,4932997.126152254
IRL,BRA,204574.7881905516
IRL,MEX,1608276.443237494
IRL,SWE,839943.8770719207
IRL,PHL,194950.32400765576
IRL,BEL,15035777.270194791
IRL,DNK,724412.2060460601
IRL,JPN,2905962.5762859834
IRL,RUS,559803.9131259327
IRL,GBR,15964011.271630984
IRL,KOR,715088.4585541168
IRL,SAU,794416.4620691843
IRL,NLD,6647616.14492937
IRL,NOR,444477.8126240092
GEO,TUR,216645.65588
GEO,ARM,209533.1393500001
GEO,BGR,186406.01148
GEO,CHN,201701.71287
GEO,RUS,396146.92615
GEO,AZE,271353.47725000005
FJI,USA,184977.6614777429
SWZ,ZAF,1249605.5812971755
KWT,IND,749348.6571665588
KWT,IRQ,688677.6127594676
KWT,ARE,565808.7636741707
KWT,QAT,356424.2322723072
KWT,CHN,498897.8066134384
KWT,SAU,654392.6628518562
KWT,OMN,192434.70538659417
BEL,POL,9071848.596299808
BEL,SGP,1375764.818589192
BEL,USA,20428962.753711376
BEL,FIN,2314783.756345582
BEL,AGO,203105.0029545664
BEL,IND,8861929.55627066
BEL,SEN,503373.6356994397
BEL,ESP,11619253.236463789
BEL,HUN,2466365.8419345254
BEL,IRQ,200404.8556793937
BEL,PRT,2329405.3406016724
BEL,CIV,382753.93655671296
BEL,GRC,1868950.2541857497
BEL,DZA,1159735.6530279175
BEL,SVN,713691.9144151934
BEL,GHA,384901.0415265467
BEL,COL,414427.16890636407
BEL,TUR,5571036.187603821
BEL,IRN,505052.2976220635
BEL,VNM,585058.9275409468
BEL,LVA,375566.24195990886
BEL,CYP,245183.36853215648
BEL,CAN,2602380.262877316
BEL,THA,1137792.0845767409
BEL,DEU,69643182.32182778
BEL,ARE,4223017.46284993
BEL,AUS,2085782.0472313256
BEL,MLT,219590.30278621617
BEL,CHE,6204984.049504497
BEL,EST,390371.08150552434
BEL,AUT,4330145.36950097
BEL,LTU,872160.4410209267
BEL,CZE,3636918.232497992
BEL,FRA,63536561.69500133
BEL,UKR,735832.9116794709
BEL,HRV,520022.24453502445
BEL,SVK,1187038.528543119
BEL,TUN,402746.14052112994
BEL,GIN,263426.2103937624
BEL,MYS,631337.9982983251
BEL,BLR,185931.82998193376
BEL,ISR,2620386.2345061945
BEL,QAT,352869.85273106664
BEL,NGA,2806380.61213945
BEL,ZAF,1485773.3946939812
BEL,ITA,20491105.67973686
BEL,PER,211014.3726047201
BEL,LUX,6564032.224646058
BEL,PAK,530382.372641363
BEL,BGR,842554.1949780481
BEL,CHN,8585059.274255358
BEL,KAZ,197371.84752864216
BEL,BGD,194982.46396004388
BEL,BRA,3834625.505830402
BEL,MEX,1362328.8077512318
BEL,EGY,1367372.3305857691
BEL,ARG,697006.8816508387
BEL,NZL,270752.9493473276
BEL,SWE,7444489.504303767
BEL,CMR,297468.7771163647
BEL,PHL,490357.6767346293
BEL,IRL,2252966.2182276696
BEL,KWT,300102.4921339108
BEL,DNK,3195019.242432621
BEL,JPN,3596089.6268291287
BEL,RUS,4431238.488853395
BEL,MAR,933452.2493275136
BEL,JOR,264988.17266140954
BEL,GBR,35297650.919080526
BEL,CHL,490440.71471984993
BEL,KOR,1572462.2544725612
BEL,TGO,1207365.190464569
BEL,SAU,1724018.053687778
BEL,NLD,50923418.2468226
BEL,IDN,545467.2700205506
BEL,NOR,1806648.341265855
BEL,LBN,591558.5581006438
DNK,POL,2785816.662868699
DNK,SGP,375516.7801303068
DNK,USA,4440365.16098736
DNK,FIN,2025281.4730518176
DNK,IND,367202.6814963823
DNK,ESP,1862174.1728608084
DNK,HUN,539368.2320397344
DNK,PRT,232740.4503394622
DNK,GRC,449245.245318256
DNK,GHA,218670.60962727977
DNK,TUR,708846.497673955
DNK,IRN,201739.63078479475
DNK,VNM,402267.5193171256
DNK,LVA,287877.53818222624
DNK,CAN,558099.8691351002
DNK,THA,323233.4227295544
DNK,DEU,14323371.877709124
DNK,ARE,469018.9340669588
DNK,AUS,1046914.0429003176
DNK,CHE,807538.264036956
DNK,EST,281851.25026059896
DNK,AUT,653695.5085192971
DNK,LTU,456936.1005879188
DNK,CZE,548841.8818361291
DNK,FRA,3097989.948733625
DNK,UKR,240589.1663411884
DNK,SVK,242473.66247959711
DNK,ISL,531219.6023375303
DNK,KHM,199878.72896007463
DNK,MYS,185567.1679246805
DNK,ZAF,312288.78663546924
DNK,ITA,2178265.251079796
DNK,CHN,3261236.129381257
DNK,BRA,387721.1316941316
DNK,MEX,350352.5741551402
DNK,SWE,10756098.57202356
DNK,IRL,686542.1831978617
DNK,BEL,1554288.7882700567
DNK,JPN,1465993.5081928638
DNK,RUS,823449.609793354
DNK,MAR,203940.38981355616
DNK,GBR,7499567.027938647
DNK,KOR,618792.3294589435
DNK,SAU,537451.5246078557
DNK,NLD,3749815.94527886
DNK,IDN,191220.9028429039
DNK,NOR,5734183.249561508
MWI,BEL,194116.338951968
URY,USA,457681.82
URY,TUR,237211.182
URY,DEU,199938.65900000004
URY,CHN,1481111.3449999995
URY,BRA,1298499.2480000004
URY,MEX,196200.264
URY,ARG,436966.5100000001
URY,NLD,242107.16600000003
JPN,POL,1954617.8810852508
JPN,SGP,17867944.187099338
JPN,USA,128483435.640645
JPN,FIN,380527.81929521984
JPN,LKA,857500.2831962901
JPN,GTM,228540.66735131
JPN,IND,8494634.436292678
JPN,ESP,2874889.000960641
JPN,HUN,1397607.06535818
JPN,IRQ,278599.92074317
JPN,PRT,421838.06637838
JPN,GRC,238120.12439183
JPN,DOM,244984.67789906
JPN,TZA,297624.33486888994
JPN,COL,988494.75986774
JPN,TUR,3094355.629361289
JPN,IRN,851415.7117290803
JPN,KEN,732160.89477487
JPN,VNM,14413074.963098926
JPN,CAN,9258538.889867548
JPN,THA,27873346.43791975
JPN,DEU,17149283.382045615
JPN,ARE,6976105.107636831
JPN,AUS,15609832.934875552
JPN,MLT,413117.0318516899
JPN,CHE,3344040.155142209
JPN,AUT,1127660.55466138
JPN,CZE,1291108.94142828
JPN,FRA,5904492.460569913
JPN,MMR,848087.94350943
JPN,UKR,439087.4538131901
JPN,BHS,525035.19011209
JPN,UGA,278165.38174008
JPN,SVK,187199.72888349005
JPN,PAN,5473132.753228329
JPN,KHM,341502.98361143994
JPN,ECU,388023.097699
JPN,MYS,11982618.781584954
JPN,ISR,1818129.3701410303
JPN,LBR,810544.8811003201
JPN,QAT,1148614.55807583
JPN,NGA,319129.18711255
JPN,ZAF,2443015.288718209
JPN,BHR,666785.3385950901
JPN,CRI,302975.30912554
JPN,ITA,4647343.928604039
JPN,PER,742692.6139957398
JPN,LUX,583440.6008679798
JPN,PAK,2269459.7706628502
JPN,CHN,126346542.58907096
JPN,KAZ,265851.85019677
JPN,BGD,1690323.4804506602
JPN,BRA,3236274.5002093497
JPN,MEX,10982198.849432332
JPN,EGY,816120.1735335803
JPN,ARG,723786.67646153
JPN,NZL,2265837.0013478803
JPN,SWE,1262920.09054316
JPN,MNG,351681.88565966993
JPN,PHL,10333940.371428965
JPN,IRL,765807.6225926102
JPN,KWT,1401362.95253532
JPN,BEL,5661384.442250302
JPN,DNK,429122.27686633
JPN,RUS,5882836.728337923
JPN,MAR,239495.60132817
JPN,JOR,534937.20986036
JPN,GBR,12179783.170244962
JPN,CHL,1732450.17008281
JPN,KOR,50838959.51258691
JPN,JAM,251916.83805315004
JPN,SAU,3681291.124719311
JPN,NLD,11922490.373257712
JPN,IDN,12937359.081703098
JPN,TTO,197698.50078701
JPN,NOR,924292.56510539
JPN,OMN,2314750.1963495696
JPN,LBN,629162.3020346101
BOL,USA,646342.93422
BOL,IND,572040.3052599999
BOL,COL,494618.4495800001
BOL,ARE,367355.7479799998
BOL,PER,303822.18915999995
BOL,CHN,451917.54419
BOL,BRA,1458206.64233
BOL,ARG,1275351.9193
BOL,BEL,260719.2931100001
BOL,JPN,591465.2623800001
BOL,KOR,627843.5738499998
SYC,ARE,211226.01295
RUS,POL,10807189.14648
RUS,SGP,4493701.538249998
RUS,USA,10946747.337799996
RUS,FIN,8421148.887520002
RUS,IND,6096013.88598
RUS,SEN,256357.45517000003
RUS,ESP,2304554.4968800005
RUS,HUN,2534341.2022
RUS,IRQ,261504.26765999995
RUS,PRT,964426.96472
RUS,GRC,2864853.98314
RUS,AFG,258720.51710000003
RUS,DZA,2059554.66523
RUS,SVN,243240.19583
RUS,COL,457869.2954099999
RUS,TUR,13211455.36525
RUS,IRN,1354148.7210299997
RUS,KEN,185342.63989
RUS,VNM,1322055.8915299997
RUS,LVA,4965503.080960003
RUS,CYP,368037.13193
RUS,CAN,625654.1116699999
RUS,THA,512286.9033900001
RUS,DEU,15976964.711099995
RUS,ARE,1404841.60968
RUS,MLT,2513010.3881300003
RUS,CHE,3798090.100549999
RUS,EST,1896446.89972
RUS,AUT,245552.8908400001
RUS,LTU,2678674.544249997
RUS,CZE,2884392.252820001
RUS,FRA,3399616.715
RUS,UKR,8353476.029199995
RUS,HRV,747245.47233
RUS,SVK,2593029.6625
RUS,TUN,375687.9412600001
RUS,ECU,227541.6553
RUS,MYS,710864.9206700001
RUS,BLR,16489065.126999998
RUS,KGZ,1699908.117
RUS,ISR,1670086.4550999997
RUS,TKM,362138.5016900001
RUS,NGA,384877.3349099999
RUS,ZAF,205646.55221
RUS,ARM,979392.5059999998
RUS,MDA,456013.0495800001
RUS,UZB,2851229.2368399994
RUS,ITA,10011246.2168
RUS,PER,277786.59231
RUS,PAK,261421.3874300001
RUS,BGR,2319689.7776399986
RUS,CHN,40284396.79488
RUS,KAZ,13444108.116999997
RUS,BGD,716824.3999600003
RUS,BRA,2655690.275079999
RUS,MEX,1556424.45964
RUS,EGY,4007205.182670001
RUS,ARG,214332.28868000003
RUS,SWE,1984876.05194
RUS,MNG,1646935.09671
RUS,YEM,304077.07784000004
RUS,PHL,197411.96540000004
RUS,IRL,415949.18082
RUS,GEO,810462.7249599997
RUS,KWT,710076.4517600002
RUS,BEL,7858209.288009998
RUS,DNK,2654701.64723
RUS,JPN,11013283.58063
RUS,MAR,877140.4630800001
RUS,GBR,5811586.588160001
RUS,TJK,793245.0811600001
RUS,KOR,12473198.12144
RUS,SAU,760806.05737
RUS,NLD,37252494.48385999
RUS,IDN,920544.33043
RUS,TTO,729257.4222
RUS,NOR,786478.72812
RUS,LBN,625691.6530299999
RUS,AZE,1630149.0114600004
MAR,POL,236548.07652611803
MAR,SGP,270181.7781196169
MAR,USA,1007154.16701072
MAR,IND,662644.3676463766
MAR,MRT,184342.909406708
MAR,ESP,6066960.361953625
MAR,PRT,362327.2743076627
MAR,DZA,198728.0335700806
MAR,ETH,247579.1140453988
MAR,TUR,707611.4414790322
MAR,DEU,721893.9671071565
MAR,AUT,188843.9594856361
MAR,FRA,5865470.926433093
MAR,ITA,1180384.7076708304
MAR,PAK,222817.60401591173
MAR,CHN,305750.7966998686
MAR,BRA,750844.3573217905
MAR,BEL,396388.5836343705
MAR,JPN,199164.8724728145
MAR,RUS,197672.51798864536
MAR,GBR,603638.2693427324
MAR,NLD,555594.1946885894
JOR,USA,1602590.7548538474
JOR,IND,519009.95406249
JOR,IRQ,541972.725081854
JOR,ARE,349433.20014151995
JOR,KWT,341374.57802667446
JOR,SAU,845545.2672123564
NAM,BWA,638638.5349096666
NAM,ESP,236950.57710359225
NAM,ARE,208231.796314907
NAM,CHE,496943.3273184018
NAM,ZAF,1136803.7640608875
NAM,ITA,203399.1263743719
NAM,CHN,252283.2684187587
NAM,BEL,244274.62627810243
GBR,POL,6359408.757022535
GBR,SGP,6139002.71620386
GBR,USA,58088012.98184049
GBR,FIN,1719035.340843145
GBR,LKA,238011.95729119508
GBR,AGO,491346.3118867385
GBR,IND,5174928.227240384
GBR,SEN,255590.33178389305
GBR,ESP,13061981.819954775
GBR,HUN,1849970.411633839
GBR,IRQ,415557.6067260039
GBR,PRT,1992299.42796102
GBR,GRC,1261531.8130083515
GBR,DZA,369235.9295716645
GBR,SVN,338485.55071569467
GBR,GHA,488067.6101258755
GBR,ETH,309260.9496048493
GBR,COL,584857.4582720519
GBR,TUR,9151769.254982376
GBR,IRN,283723.7947298933
GBR,KEN,436601.230828132
GBR,VNM,734185.8770914396
GBR,LVA,449060.19777911983
GBR,CYP,478927.5786743041
GBR,CAN,6191229.305947879
GBR,THA,1593375.9592900996
GBR,DEU,46103620.54246501
GBR,ARE,9580030.654991888
GBR,AUS,5668997.383349707
GBR,MLT,650620.9265899598
GBR,CHE,19789597.856836226
GBR,EST,316180.9838249648
GBR,AUT,2382807.9642092306
GBR,LTU,706149.8735537669
GBR,CZE,2723143.3751634834
GBR,FRA,29798292.990187827
GBR,UKR,518248.8546448927
GBR,HRV,240253.30848080764
GBR,SVK,749577.3387484162
GBR,TUN,192218.98228557984
GBR,ISL,507078.5412734197
GBR,MYS,1774818.0134476065
GBR,ISR,1523906.0773287774
GBR,QAT,3105751.558994968
GBR,NGA,1439507.1059884534
GBR,ZAF,2716088.575573505
GBR,BHR,632679.355688436
GBR,ITA,13055090.889539205
GBR,PER,226444.91080453945
GBR,LUX,336312.904349755
GBR,PAK,863272.050253358
GBR,BGR,570547.9481063519
GBR,CHN,21040760.165341374
GBR,KAZ,294124.0447576177
GBR,BGD,301164.5624142056
GBR,BRA,2267738.5982522
GBR,MEX,1982035.086321739
GBR,EGY,1528588.6494574463
GBR,LBY,240541.4574081818
GBR,ARG,441198.3536196832
GBR,NZL,1101296.9724937417
GBR,SWE,6611797.626493879
GBR,PHL,674923.9500005197
GBR,IRL,24928765.758138
GBR,KWT,780055.4923304394
GBR,BEL,17201919.558028672
GBR,DNK,3475101.2582186623
GBR,URY,227409.2989045547
GBR,JPN,7241058.631127778
GBR,RUS,3595718.27194
GBR,MAR,990383.3321499762
GBR,JOR,437975.3724037905
GBR,CHL,766744.2033569885
GBR,MKD,1024326.6296734198
GBR,KOR,7401133.559863765
GBR,SAU,4936056.73672946
GBR,NLD,26931786.7583656
GBR,IDN,959675.4086380064
GBR,NOR,3709401.296820927
GBR,OMN,2310376.988882006
GBR,LBN,474702.1392367487
GBR,AZE,287050.51615744794
CHL,USA,10052545.977439877
CHL,FIN,247568.837
CHL,IND,2072817.617
CHL,ESP,1722020.4366699995
CHL,COL,702573.7376800003
CHL,TUR,319899.91593
CHL,VNM,279448.937
CHL,CAN,1412628.0258200006
CHL,THA,337500.347
CHL,DEU,1074028.10404
CHL,PRY,626974.6418838378
CHL,AUS,220072.92256718955
CHL,CHE,402310.6310000001
CHL,FRA,914252.6602699998
CHL,PAN,247521.64974
CHL,ECU,507693.7167374215
CHL,MYS,184244.034
CHL,CRI,240931.90099
CHL,ITA,920152.589
CHL,PER,1747922.865361582
CHL,BGR,408209.9359999999
CHL,CHN,18898528.351251982
CHL,BRA,3419825.395646798
CHL,MEX,1173427.9380800002
CHL,ARG,967267.7856813236
CHL,PHL,218602.71608
CHL,BEL,521999.9479200001
CHL,DNK,194319.877
CHL,JPN,6353644.093805556
CHL,BOL,1202102.699861014
CHL,RUS,701154.1390000002
CHL,GBR,579192.16692
CHL,KOR,4246624.437779999
CHL,NLD,1719151.37991
MKD,GRC,203492.3734600001
MKD,DEU,2662226.9900000007
MKD,ITA,185247.51469
MKD,BGR,332889.99167000013
MKD,BEL,200560.92224000004
KOR,POL,3115940.402
KOR,SGP,11650886.886
KOR,USA,68842384.21999997
KOR,FIN,296908.782
KOR,LKA,284100.81700000004
KOR,AGO,338843.7870000001
KOR,GTM,241016.193
KOR,IND,15054321.99799999
KOR,ESP,2790389.19
KOR,HUN,1206014.8979999996
KOR,IRQ,1461632.4259999995
KOR,PRT,458696.9049999999
KOR,GRC,1627584.4160000002
KOR,DOM,266878.83800000005
KOR,DZA,1238207.384
KOR,SVN,1912471.378
KOR,GHA,243756.538
KOR,COL,813684.5039999998
KOR,TUR,6154673.173
KOR,IRN,4020954.666000001
KOR,KEN,204895.727
KOR,VNM,47748803.77100001
KOR,CYP,764858.251
KOR,CAN,4715124.266999999
KOR,THA,7461467.303
KOR,DEU,8481081.708000002
KOR,ARE,5388052.048
KOR,AUS,19859430.360000007
KOR,MLT,659684.5420000001
KOR,CHE,499178.473
KOR,AUT,959256.233
KOR,LTU,310456.45200000005
KOR,CZE,2211599.23
KOR,FRA,3043314.3430000003
KOR,MMR,572994.7960000003
KOR,UKR,258507.777
KOR,BHS,1737240.168
KOR,HRV,327582.34199999995
KOR,SVK,2772607.7020000005
KOR,PAN,1641932.6349999998
KOR,KHM,603709.312
KOR,ECU,608842.5019999999
KOR,MYS,8044163.006000003
KOR,ISR,1265632.3470000003
KOR,LBR,1305069.9830000002
KOR,QAT,435409.64400000015
KOR,NGA,2121875.638
KOR,ZAF,969679.487
KOR,BHR,289747.257
KOR,UZB,1180379.245
KOR,ITA,3757750.1769999983
KOR,PER,913621.5049999998
KOR,PAK,1006728.179
KOR,CHN,142113749.09600008
KOR,KAZ,532676.348
KOR,BGD,1276290.6529999997
KOR,BRA,5504905.723999999
KOR,MEX,10932258.176
KOR,EGY,1324840.325
KOR,LBY,280137.662
KOR,ARG,836124.8950000001
KOR,NZL,1305012.968
KOR,SWE,895446.7749999997
KOR,MNG,228302.9519999999
KOR,PHL,10592713.529
KOR,IRL,693114.8789999998
KOR,FJI,211696.26
KOR,KWT,1162468.896
KOR,BEL,2795071.847
KOR,DNK,1496168.5179999997
KOR,JPN,26810045.060999986
KOR,RUS,6906327.482999997
KOR,MAR,274907.77300000004
KOR,JOR,647869.061
KOR,GBR,8628245.436999999
KOR,CHL,1529920.2529999998
KOR,TGO,1044258.2890000002
KOR,SAU,5146904.225000002
KOR,NLD,4648773.001000001
KOR,IDN,8402561.457000002
KOR,NOR,4678153.453000002
KOR,OMN,641187.876
KOR,LBN,188486.87400000004
NPL,IND,420179.7649961017
BRN,SGP,424920.6814280952
BRN,IND,544534.2447043681
BRN,THA,611425.4148113927
BRN,MYS,624459.6999762004
BRN,CHN,269099.7186095526
BRN,JPN,1630235.3335868637
BRN,KOR,789297.287740599
JAM,USA,531347.1999400001
SAU,POL,306346.01302382787
SAU,SGP,3076440.3229210707
SAU,USA,1459522.6407698789
SAU,IND,2854947.627916569
SAU,ESP,628364.8319032791
SAU,IRQ,505526.39099582273
SAU,DZA,521065.1490862776
SAU,TUR,1763988.625880533
SAU,KEN,243170.016152865
SAU,VNM,782549.8530555464
SAU,THA,624050.3548785906
SAU,DEU,240772.0758500211
SAU,ARE,8048830.268130066
SAU,AUS,367493.0510129122
SAU,CHE,388503.60213625006
SAU,FRA,390352.7556420904
SAU,TUN,219935.6821013788
SAU,MYS,1212060.0150641853
SAU,QAT,676132.8043148363
SAU,NGA,231378.46828570665
SAU,ZAF,414790.5006460541
SAU,BHR,1596963.4774120697
SAU,ITA,662766.2808736208
SAU,PAK,931723.2639508896
SAU,CHN,6214253.312418146
SAU,BGD,429910.5503703981
SAU,BRA,342119.12125327194
SAU,EGY,1399035.375470822
SAU,YEM,548642.0449691212
SAU,KWT,1981426.342588645
SAU,BEL,1691647.3974994966
SAU,JPN,997511.921442358
SAU,MAR,392040.77497632825
SAU,JOR,1239433.9716988318
SAU,GBR,547075.0224636206
SAU,KOR,760394.0309935398
SAU,NLD,661001.8052545578
SAU,IDN,436710.03598527535
SAU,OMN,958330.6892034851
SAU,LBN,441991.9753730694
BFA,SGP,260856.6806565194
BFA,IND,276984.06177921325
BFA,CIV,184810.35994839712
BFA,CHE,1639728.7989620415
NLD,POL,13134205.888625337
NLD,SGP,5901963.140993509
NLD,USA,21755697.6611086
NLD,FIN,4925453.488263981
NLD,IND,2196735.671543461
NLD,SEN,450748.9697813658
NLD,ESP,15178936.339949848
NLD,HUN,3816216.374085174
NLD,IRQ,444030.84917233913
NLD,PRT,3134681.1281440486
NLD,CIV,317158.9260986363
NLD,GRC,2487917.547098296
NLD,DZA,825892.1597700432
NLD,SVN,890067.5627794443
NLD,GHA,742470.1128354624
NLD,ETH,182440.6996503551
NLD,COL,480151.5332815
NLD,TUR,6438651.380139612
NLD,IRN,1194063.8750969097
NLD,KEN,341943.32112714404
NLD,VNM,923893.827255529
NLD,LVA,652282.4016649124
NLD,CYP,366986.1967204384
NLD,CAN,3758933.7872661576
NLD,THA,1153032.2703320014
NLD,DEU,110555224.78743854
NLD,ARE,3073336.9489661106
NLD,AUS,2835315.448758765
NLD,MLT,323483.4832857804
NLD,CHE,6391667.314411027
NLD,EST,992174.752054186
NLD,AUT,6373126.442893405
NLD,LTU,1143882.0563056085
NLD,CZE,7778252.581489729
NLD,FRA,40394271.53765616
NLD,UKR,939712.5423598303
NLD,BHS,188864.47218157112
NLD,BIH,182981.6567865304
NLD,HRV,711951.7463225949
NLD,SVK,1631175.8101910462
NLD,TUN,302867.73650803266
NLD,ISL,714296.3264868445
NLD,ECU,509986.9420029003
NLD,GIN,460383.02082541736
NLD,MYS,1548721.3875965795
NLD,BLR,279552.8760792099
NLD,ISR,2488299.096704768
NLD,QAT,559095.5578651126
NLD,NGA,2813546.571093937
NLD,ZAF,2052384.4828278555
NLD,ITA,19287953.13525681
NLD,PER,379999.00431108015
NLD,LUX,1253437.203499159
NLD,PAK,1198442.720504645
NLD,BGR,1024167.2217371388
NLD,CHN,12453156.164821044
NLD,KAZ,379895.51292064687
NLD,BGD,362607.55912900704
NLD,BRA,2663544.6447124206
NLD,MEX,2489146.2869784115
NLD,EGY,1286579.448513524
NLD,LBY,215245.3617599852
NLD,ARG,853103.1930379119
NLD,NZL,525660.1563283813
NLD,SWE,10712832.63920836
NLD,PHL,527792.214955462
NLD,IRL,4093903.885363881
NLD,KWT,596857.8857458688
NLD,BEL,51492964.02677306
NLD,DNK,6443500.102730608
NLD,JPN,4045036.5363256726
NLD,RUS,5951803.08615104
NLD,MAR,1071999.8059566214
NLD,JOR,529463.4386674208
NLD,GBR,43299387.76898326
NLD,CHL,653210.591731724
NLD,KOR,6605305.710615868
NLD,TGO,751830.0349728521
NLD,SAU,2816470.0450349483
NLD,IDN,936610.2921836076
NLD,NOR,4783791.627762136
NLD,OMN,630370.3001651336
NLD,LBN,383423.38783097407
IDN,POL,384791.73503
IDN,SGP,12708018.092849996
IDN,BEN,201124.57958
IDN,USA,17667892.76645
IDN,LKA,292781.65786999994
IDN,IND,14049965.229380004
IDN,ESP,2009173.7186
IDN,DZA,206990.67879
IDN,TZA,277384.3301
IDN,TUR,1168115.5229300002
IDN,IRN,302328.6398500001
IDN,KEN,290764.16099
IDN,VNM,3587207.5226020003
IDN,CAN,821230.5665499999
IDN,THA,6449249.228030002
IDN,DEU,2625439.38932
IDN,ARE,1629125.394870001
IDN,AUS,2504742.85937
IDN,CHE,1244583.3951099997
IDN,FRA,994382.4735000002
IDN,MMR,829454.1440499997
IDN,UKR,296833.5308
IDN,KHM,513822.0368400001
IDN,MYS,8441590.313233
IDN,NGA,343779.14132
IDN,ZAF,702539.02019
IDN,ITA,1937115.17627
IDN,PAK,2397975.27284
IDN,CHN,22786668.730312
IDN,BGD,1596559.6972100004
IDN,BRA,1226966.38203
IDN,MEX,969073.1636
IDN,EGY,1253584.56335
IDN,ARG,266263.79427
IDN,NZL,437602.4924600002
IDN,PHL,6618245.598159999
IDN,BEL,1241153.18538
IDN,DNK,192776.26751
IDN,JPN,17772655.719527
IDN,RUS,1224893.3168
IDN,GBR,1406249.5238200005
IDN,KOR,8138994.112000002
IDN,SAU,1380103.84514
IDN,NLD,3961829.1285
IDN,OMN,257433.4638
NOR,POL,2082933.8410831527
NOR,SGP,1168812.1802603432
NOR,USA,4456208.554068184
NOR,FIN,1501588.861176126
NOR,IND,221234.942684973
NOR,ESP,2246544.952408407
NOR,PRT,593147.9049554671
NOR,TUR,767861.64182595
NOR,VNM,349005.770939289
NOR,CAN,1169423.58971181
NOR,THA,224812.748765838
NOR,DEU,15430332.184251022
NOR,ARE,467654.2392524729
NOR,CHE,358518.182853753
NOR,EST,183263.15496441
NOR,AUT,245577.33821848204
NOR,LTU,742131.725057361
NOR,CZE,232476.530041128
NOR,FRA,6522688.404488596
NOR,ISL,527444.1121339439
NOR,MYS,232938.52378437304
NOR,NGA,245965.694674347
NOR,ITA,1260050.8647102786
NOR,CHN,1883593.004075784
NOR,BRA,347522.949070341
NOR,EGY,297045.71198318107
NOR,SWE,6311868.874323726
NOR,IRL,1167907.3350342445
NOR,BEL,4717201.218695837
NOR,DNK,4672602.526894344
NOR,JPN,1182473.85137058
NOR,RUS,223569.3980303549
NOR,GBR,20903848.4645277
NOR,KOR,968383.8796341182
NOR,NLD,9749969.469453882
OMN,USA,336882.51844520005
OMN,IND,928337.4249021596
OMN,IRN,568537.43127636
OMN,ARE,2250076.952239481
OMN,MYS,224170.40635262
OMN,QAT,1336952.6391020794
OMN,ZAF,359973.58268690004
OMN,PAK,494863.9606638
OMN,CHN,691293.5268603002
OMN,BRA,215911.31216746
OMN,YEM,485328.99923326005
OMN,KWT,316413.47737454006
OMN,SAU,1313852.0221954396
LBN,USA,410312.5814960311
LBN,AGO,462264.462947893
LBN,COG,4506247.552606908
LBN,ARE,265149.0082116155
LBN,GAB,236198.832525182
LBN,QAT,279055.20136680506
LBN,ZAF,315198.1140611192
LBN,SAU,243100.87183437147
AZE,IND,404067.66748000006
AZE,ESP,384222.05011
AZE,PRT,501617.75514
AZE,TUR,1393786.07285
AZE,CAN,593760.6913199999
AZE,DEU,450454.71473
AZE,CZE,556854.8641100001
AZE,FRA,460004.83007
AZE,UKR,428780.14768
AZE,HRV,212927.46249000003
AZE,ISR,638938.3987299998
AZE,ITA,5351948.88704
AZE,CHN,443807.3304599999
AZE,GEO,487757.2130700001
AZE,RUS,585532.76951
AZE,IDN,465126.37097
